Representative,BioGuideID,ReportDate,TransactionDate,Ticker,Transaction,Range,House,Amount,Party,last_modified,TickerType,Description,Quarter,EntryPrice,ExitPrice,PercentChange,TradeAmount,AdjustedReturn
Rob Bresnahan,B001327,2025-03-27,2025-03-07,INTU,Purchase,"$1,001 - $15,000",Representatives,1001.0,R,2025-03-28,ST,,2025-Q1,605.8599853515625,615.2999877929688,1.558116176946147,15000.0,1.558116176946147
Rob Bresnahan,B001327,2025-03-27,2025-03-06,TSLA,Sale,"$1,001 - $15,000",Representatives,1001.0,R,2025-03-28,ST,,2025-Q1,272.0599975585937,273.1300048828125,-0.3932982922225829,15000.0,-0.3932982922225829
Rob Bresnahan,B001327,2025-03-27,2025-03-05,SE,Purchase,"$1,001 - $15,000",Representatives,1001.0,R,2025-03-28,ST,,2025-Q1,135.64999389648438,133.57000732421875,-1.5333480765600918,15000.0,-1.5333480765600918
Rob Bresnahan,B001327,2025-03-27,2025-03-04,ZM,Purchase,"$1,001 - $15,000",Representatives,1001.0,R,2025-03-28,ST,,2025-Q1,73.95999908447266,76.77999877929688,3.812871457182395,15000.0,3.812871457182395
Rob Bresnahan,B001327,2025-03-27,2025-03-04,BABA,Sale,"$15,001 - $50,000",Representatives,15001.0,R,2025-03-28,ST,,2025-Q1,129.60000610351562,135.6300048828125,-4.652776616754573,50000.0,-4.652776616754573
Rob Bresnahan,B001327,2025-03-27,2025-03-04,CRDO,Sale,"$1,001 - $15,000",Representatives,1001.0,R,2025-03-28,ST,,2025-Q1,49.0099983215332,42.43000030517578,13.425827875342758,15000.0,13.425827875342758
Rob Bresnahan,B001327,2025-03-27,2025-03-04,TWLO,Purchase,"$1,001 - $15,000",Representatives,1001.0,R,2025-03-28,ST,,2025-Q1,114.01000213623048,101.81999969482422,-10.692046498552315,15000.0,-10.692046498552315
Rob Bresnahan,B001327,2025-03-27,2025-03-04,META,Purchase,"$1,001 - $15,000",Representatives,1001.0,R,2025-03-28,ST,,2025-Q1,644.9362031172728,602.5800170898438,-6.567500137641861,15000.0,-6.567500137641861
Rob Bresnahan,B001327,2025-03-27,2025-03-03,TSM,Sale,"$1,001 - $15,000",Representatives,1001.0,R,2025-03-28,ST,,2025-Q1,180.446936265116,168.24000549316406,6.764831270960057,15000.0,6.764831270960057
Rob Bresnahan,B001327,2025-03-27,2025-03-03,SNOW,Purchase,"$1,001 - $15,000",Representatives,1001.0,R,2025-03-28,ST,,2025-Q1,178.6999969482422,156.97999572753906,-12.15444968753637,15000.0,-12.15444968753637
Rob Bresnahan,B001327,2025-03-27,2025-03-03,BABA,Purchase,"$1,001 - $15,000",Representatives,1001.0,R,2025-03-28,ST,,2025-Q1,134.00999450683594,135.6300048828125,1.2088728023146995,15000.0,1.2088728023146995
Rob Bresnahan,B001327,2025-03-27,2025-03-03,NVDA,Sale,"$1,001 - $15,000",Representatives,1001.0,R,2025-03-28,ST,,2025-Q1,123.49864257535764,111.43000030517578,9.772287385926278,15000.0,9.772287385926278
Rob Bresnahan,B001327,2025-03-27,2025-03-03,INTC,Purchase,"$1,001 - $15,000",Representatives,1001.0,R,2025-03-28,ST,,2025-Q1,25.0,23.6200008392334,-5.519996643066406,15000.0,-5.519996643066406
Rob Bresnahan,B001327,2025-03-27,2025-03-03,TTWO,Purchase,"$1,001 - $15,000",Representatives,1001.0,R,2025-03-28,ST,,2025-Q1,212.88999938964844,214.2899932861328,0.6576137444211239,15000.0,0.6576137444211239
Rob Bresnahan,B001327,2025-03-27,2025-02-27,ORCL,Sale,"$1,001 - $15,000",Representatives,1001.0,R,2025-03-28,ST,,2025-Q1,173.0,145.77999877929688,15.734104751851518,15000.0,15.734104751851518
Rob Bresnahan,B001327,2025-03-27,2025-02-27,ALAB,Sale,"$1,001 - $15,000",Representatives,1001.0,R,2025-03-28,ST,,2025-Q1,85.0199966430664,62.790000915527344,26.14678499796433,15000.0,26.14678499796433
Rob Bresnahan,B001327,2025-03-27,2025-02-27,TSLA,Sale,"$1,001 - $15,000",Representatives,1001.0,R,2025-03-28,ST,,2025-Q1,291.1600036621094,273.1300048828125,6.192470996195156,15000.0,6.192470996195156
Rob Bresnahan,B001327,2025-03-27,2025-02-26,INTC,Purchase,"$1,001 - $15,000",Representatives,1001.0,R,2025-03-28,ST,,2025-Q1,23.25,23.6200008392334,1.5914014590683805,15000.0,1.5914014590683805
Thomas H. Kean Jr,K000398,2025-03-14,2025-02-26,SYK,Sale,"$15,001 - $50,000",Representatives,15001.0,R,2025-03-14,ST,,2025-Q1,391.5499877929688,367.5400085449219,6.132034222088165,50000.0,6.132034222088165
Rob Bresnahan,B001327,2025-03-27,2025-02-26,PLTR,Sale,"$1,001 - $15,000",Representatives,1001.0,R,2025-03-28,ST,,2025-Q1,89.16000366210938,90.08999633789062,-1.043060383112649,15000.0,-1.043060383112649
Rob Bresnahan,B001327,2025-03-27,2025-02-26,SNOW,Purchase,"$1,001 - $15,000",Representatives,1001.0,R,2025-03-28,ST,,2025-Q1,166.0,156.97999572753906,-5.433737513530685,15000.0,-5.433737513530685
Rob Bresnahan,B001327,2025-03-27,2025-02-26,APP,Sale,"$1,001 - $15,000",Representatives,1001.0,R,2025-03-28,ST,,2025-Q1,328.4700012207031,261.70001220703125,20.327575962959333,15000.0,20.327575962959333
Rob Bresnahan,B001327,2025-03-27,2025-02-26,NVDA,Purchase,"$1,001 - $15,000",Representatives,1001.0,R,2025-03-28,ST,,2025-Q1,129.97805439122038,111.43000030517578,-14.270142889057944,15000.0,-14.270142889057944
Rob Bresnahan,B001327,2025-03-27,2025-02-26,TTD,Purchase,"$1,001 - $15,000",Representatives,1001.0,R,2025-03-28,ST,,2025-Q1,75.05999755859375,57.2599983215332,-23.7143615987536,15000.0,-23.7143615987536
Thomas H. Kean Jr,K000398,2025-03-14,2025-02-26,AMZN,Purchase,"$1,001 - $15,000",Representatives,1001.0,R,2025-03-14,ST,,2025-Q1,214.94000244140625,201.3600006103516,-6.318043024474547,15000.0,-6.318043024474547
Rob Bresnahan,B001327,2025-03-27,2025-02-25,CAG,Sale,"$1,001 - $15,000",Representatives,1001.0,R,2025-03-28,ST,,2025-Q1,25.8700008392334,26.459999084472656,-2.280627081946168,15000.0,-2.280627081946168
Rob Bresnahan,B001327,2025-03-27,2025-02-25,ZTS,Sale,"$1,001 - $15,000",Representatives,1001.0,R,2025-03-28,ST,,2025-Q1,165.89999389648438,165.02000427246094,0.5304337892697689,15000.0,0.5304337892697689
Rob Bresnahan,B001327,2025-03-27,2025-02-25,MSFT,Sale,"$1,001 - $15,000",Representatives,1001.0,R,2025-03-28,ST,,2025-Q1,401.1000061035156,390.5799865722656,2.622792164339933,15000.0,2.622792164339933
Rob Bresnahan,B001327,2025-03-27,2025-02-25,AOS,Sale,"$1,001 - $15,000",Representatives,1001.0,R,2025-03-28,ST,,2025-Q1,66.52999877929688,66.9000015258789,-0.5561442257190758,15000.0,-0.5561442257190758
Rob Bresnahan,B001327,2025-03-27,2025-02-25,PLTR,Purchase,"$1,001 - $15,000",Representatives,1001.0,R,2025-03-28,ST,,2025-Q1,90.6500015258789,90.08999633789062,-0.6177663304599174,15000.0,-0.6177663304599174
Rob Bresnahan,B001327,2025-03-27,2025-02-25,MRNA,Purchase,"$1,001 - $15,000",Representatives,1001.0,R,2025-03-28,ST,,2025-Q1,33.97999954223633,32.119998931884766,-5.473809992373973,15000.0,-5.473809992373973
Rob Bresnahan,B001327,2025-03-27,2025-02-25,PWR,Purchase,"$1,001 - $15,000",Representatives,1001.0,R,2025-03-28,ST,,2025-Q1,259.4700012207031,254.8800048828125,-1.7689892150524216,15000.0,-1.7689892150524216
Rob Bresnahan,B001327,2025-03-27,2025-02-25,WY,Purchase,"$1,001 - $15,000",Representatives,1001.0,R,2025-03-28,ST,,2025-Q1,29.940485324340344,29.59000015258789,-1.1706061807472556,15000.0,-1.1706061807472556
Rob Bresnahan,B001327,2025-03-27,2025-02-25,LH,Purchase,"$1,001 - $15,000",Representatives,1001.0,R,2025-03-28,ST,,2025-Q1,250.58219748951012,231.6699981689453,-7.547303643291156,15000.0,-7.547303643291156
Rob Bresnahan,B001327,2025-03-27,2025-02-25,GEHC,Purchase,"$1,001 - $15,000",Representatives,1001.0,R,2025-03-28,ST,,2025-Q1,91.08999633789062,81.66000366210938,-10.352391102093682,15000.0,-10.352391102093682
Rob Bresnahan,B001327,2025-03-27,2025-02-25,INTU,Purchase,"$1,001 - $15,000",Representatives,1001.0,R,2025-03-28,ST,,2025-Q1,567.3099975585938,615.2999877929688,8.459218141915157,15000.0,8.459218141915157
Rob Bresnahan,B001327,2025-03-27,2025-02-25,CAT,Sale,"$1,001 - $15,000",Representatives,1001.0,R,2025-03-28,ST,,2025-Q1,341.0,339.29998779296875,0.4985373041147361,15000.0,0.4985373041147361
Rob Bresnahan,B001327,2025-03-27,2025-02-25,VTRS,Purchase,"$1,001 - $15,000",Representatives,1001.0,R,2025-03-28,ST,,2025-Q1,11.208860489146655,8.84000015258789,-21.133819435548265,15000.0,-21.133819435548265
Rob Bresnahan,B001327,2025-03-27,2025-02-25,ON,Sale,"$1,001 - $15,000",Representatives,1001.0,R,2025-03-28,ST,,2025-Q1,53.630001068115234,43.7599983215332,18.403883181069087,15000.0,18.403883181069087
Rob Bresnahan,B001327,2025-03-27,2025-02-25,ODFL,Sale,"$1,001 - $15,000",Representatives,1001.0,R,2025-03-28,ST,,2025-Q1,180.42086741654532,170.22999572753906,5.648388589928563,15000.0,5.648388589928563
Rob Bresnahan,B001327,2025-03-27,2025-02-25,KHC,Purchase,"$1,001 - $15,000",Representatives,1001.0,R,2025-03-28,ST,,2025-Q1,31.097187078503296,30.06999969482422,-3.3031520860262837,15000.0,-3.3031520860262837
Rob Bresnahan,B001327,2025-03-27,2025-02-25,TMO,Sale,"$1,001 - $15,000",Representatives,1001.0,R,2025-03-28,ST,,2025-Q1,534.3381282287088,511.6799926757813,4.2404115214532005,15000.0,4.2404115214532005
Rob Bresnahan,B001327,2025-03-27,2025-02-25,UPS,Sale,"$1,001 - $15,000",Representatives,1001.0,R,2025-03-28,ST,,2025-Q1,116.45999908447266,111.01000213623048,4.679715774588927,15000.0,4.679715774588927
Rob Bresnahan,B001327,2025-03-27,2025-02-25,CI,Sale,"$1,001 - $15,000",Representatives,1001.0,R,2025-03-28,ST,,2025-Q1,300.73250569520826,324.739990234375,-7.9830028628492435,15000.0,-7.9830028628492435
Rob Bresnahan,B001327,2025-03-27,2025-02-25,HSY,Purchase,"$1,001 - $15,000",Representatives,1001.0,R,2025-03-28,ST,,2025-Q1,177.83999633789062,170.6199951171875,-4.059829829834983,15000.0,-4.059829829834983
Rob Bresnahan,B001327,2025-03-27,2025-02-25,UBER,Sale,"$1,001 - $15,000",Representatives,1001.0,R,2025-03-28,ST,,2025-Q1,76.36000061035156,74.86000061035156,1.9643792404536151,15000.0,1.9643792404536151
Rob Bresnahan,B001327,2025-03-27,2025-02-25,WST,Purchase,"$1,001 - $15,000",Representatives,1001.0,R,2025-03-28,ST,,2025-Q1,219.2899932861328,226.05999755859372,3.087238122912128,15000.0,3.087238122912128
Rob Bresnahan,B001327,2025-03-27,2025-02-25,LIN,Sale,"$1,001 - $15,000",Representatives,1001.0,R,2025-03-28,ST,,2025-Q1,457.7630107049473,464.7300109863281,-1.521966633051403,15000.0,-1.521966633051403
Rob Bresnahan,B001327,2025-03-27,2025-02-25,ALGN,Purchase,"$1,001 - $15,000",Representatives,1001.0,R,2025-03-28,ST,,2025-Q1,191.0,164.2899932861328,-13.984296708830987,15000.0,-13.984296708830987
Rob Bresnahan,B001327,2025-03-27,2025-02-25,BIIB,Purchase,"$1,001 - $15,000",Representatives,1001.0,R,2025-03-28,ST,,2025-Q1,140.0,140.3300018310547,0.235715593610491,15000.0,0.235715593610491
Rob Bresnahan,B001327,2025-03-27,2025-02-25,CMCSA,Sale,"$1,001 - $15,000",Representatives,1001.0,R,2025-03-28,ST,,2025-Q1,36.45000076293945,37.369998931884766,-2.524000410668636,15000.0,-2.524000410668636
Rob Bresnahan,B001327,2025-03-27,2025-02-25,COP,Sale,"$1,001 - $15,000",Representatives,1001.0,R,2025-03-28,ST,,2025-Q1,99.27999877929688,102.81999969482422,-3.565673810489157,15000.0,-3.565673810489157
Rob Bresnahan,B001327,2025-03-27,2025-02-25,DHI,Sale,"$1,001 - $15,000",Representatives,1001.0,R,2025-03-28,ST,,2025-Q1,127.66999816894533,130.0800018310547,-1.887682068358946,15000.0,-1.887682068358946
Rob Bresnahan,B001327,2025-03-27,2025-02-25,DE,Purchase,"$15,001 - $50,000",Representatives,15001.0,R,2025-03-28,ST,,2025-Q1,486.6799926757813,479.7200012207031,-1.430096071303832,50000.0,-1.430096071303832
Rob Bresnahan,B001327,2025-03-27,2025-02-25,LULU,Purchase,"$1,001 - $15,000",Representatives,1001.0,R,2025-03-28,ST,,2025-Q1,366.4100036621094,341.5299987792969,-6.790208955581894,15000.0,-6.790208955581894
Rob Bresnahan,B001327,2025-03-27,2025-02-25,OXY,Purchase,"$15,001 - $50,000",Representatives,15001.0,R,2025-03-28,ST,,2025-Q1,49.556944792690985,49.5099983215332,-0.0947323757632157,50000.0,-0.0947323757632157
Rob Bresnahan,B001327,2025-03-27,2025-02-25,PLTR,Sale,"$1,001 - $15,000",Representatives,1001.0,R,2025-03-28,ST,,2025-Q1,90.6500015258789,90.08999633789062,0.6177663304599174,15000.0,0.6177663304599174
Rob Bresnahan,B001327,2025-03-27,2025-02-25,REGN,Sale,"$1,001 - $15,000",Representatives,1001.0,R,2025-03-28,ST,,2025-Q1,720.0,635.8300170898438,11.690275404188368,15000.0,11.690275404188368
Rob Bresnahan,B001327,2025-03-27,2025-02-25,ROK,Purchase,"$1,001 - $15,000",Representatives,1001.0,R,2025-03-28,ST,,2025-Q1,290.7799987792969,268.0799865722656,-7.806593404748119,15000.0,-7.806593404748119
Rob Bresnahan,B001327,2025-03-27,2025-02-25,SMCI,Purchase,"$1,001 - $15,000",Representatives,1001.0,R,2025-03-28,ST,,2025-Q1,50.119998931884766,34.720001220703125,-30.72625307137556,15000.0,-30.72625307137556
Rob Bresnahan,B001327,2025-03-27,2025-02-25,GWW,Sale,"$1,001 - $15,000",Representatives,1001.0,R,2025-03-28,ST,,2025-Q1,996.22998046875,987.239990234375,0.9024010931838244,15000.0,0.9024010931838244
Rob Bresnahan,B001327,2025-03-27,2025-02-25,TECH,Purchase,"$1,001 - $15,000",Representatives,1001.0,R,2025-03-28,ST,,2025-Q1,66.0199966430664,59.95000076293945,-9.194177807890634,15000.0,-9.194177807890634
Rob Bresnahan,B001327,2025-03-27,2025-02-25,DG,Purchase,"$1,001 - $15,000",Representatives,1001.0,R,2025-03-28,ST,,2025-Q1,78.8499984741211,87.54000091552734,11.020929118037138,15000.0,11.020929118037138
Rob Bresnahan,B001327,2025-03-27,2025-02-25,HAL,Purchase,"$1,001 - $15,000",Representatives,1001.0,R,2025-03-28,ST,,2025-Q1,26.56169867541434,25.34000015258789,-4.599474370053228,15000.0,-4.599474370053228
Rob Bresnahan,B001327,2025-03-27,2025-02-25,MDLZ,Purchase,"$1,001 - $15,000",Representatives,1001.0,R,2025-03-28,ST,,2025-Q1,65.22000122070312,67.5,3.4958582284925246,15000.0,3.4958582284925246
Rob Bresnahan,B001327,2025-03-27,2025-02-25,WAT,Purchase,"$1,001 - $15,000",Representatives,1001.0,R,2025-03-28,ST,,2025-Q1,379.7900085449219,370.5899963378906,-2.4223944811710507,15000.0,-2.4223944811710507
Rob Bresnahan,B001327,2025-03-27,2025-02-25,IR,Sale,"$1,001 - $15,000",Representatives,1001.0,R,2025-03-28,ST,,2025-Q1,82.75967127646628,81.30000305175781,1.7637433815225174,15000.0,1.7637433815225174
Rob Bresnahan,B001327,2025-03-27,2025-02-25,BABA,Purchase,"$1,001 - $15,000",Representatives,1001.0,R,2025-03-28,ST,,2025-Q1,132.7899932861328,135.6300048828125,2.138724105934772,15000.0,2.138724105934772
Rob Bresnahan,B001327,2025-03-27,2025-02-25,TWLO,Purchase,"$1,001 - $15,000",Representatives,1001.0,R,2025-03-28,ST,,2025-Q1,116.5,101.81999969482422,-12.600858631052173,15000.0,-12.600858631052173
Rob Bresnahan,B001327,2025-03-27,2025-02-25,ABNB,Purchase,"$1,001 - $15,000",Representatives,1001.0,R,2025-03-28,ST,,2025-Q1,144.78500366210938,125.6500015258789,-13.216149222806663,15000.0,-13.216149222806663
Rob Bresnahan,B001327,2025-03-27,2025-02-25,ACGL,Sale,"$1,001 - $15,000",Representatives,1001.0,R,2025-03-28,ST,,2025-Q1,90.0,96.94000244140624,-7.711113823784722,15000.0,-7.711113823784722
Rob Bresnahan,B001327,2025-03-27,2025-02-25,XOM,Sale,"$15,001 - $50,000",Representatives,15001.0,R,2025-03-28,ST,,2025-Q1,111.3000030517578,117.88999938964844,-5.920930958848294,50000.0,-5.920930958848294
Rob Bresnahan,B001327,2025-03-27,2025-02-25,INTU,Purchase,"$1,001 - $15,000",Representatives,1001.0,R,2025-03-28,ST,,2025-Q1,567.3099975585938,615.2999877929688,8.459218141915157,15000.0,8.459218141915157
Rob Bresnahan,B001327,2025-03-27,2025-02-25,KDP,Purchase,"$1,001 - $15,000",Representatives,1001.0,R,2025-03-28,ST,,2025-Q1,34.91999816894531,34.2599983215332,-1.890034026402251,15000.0,-1.890034026402251
Rob Bresnahan,B001327,2025-03-27,2025-02-25,MDT,Purchase,"$1,001 - $15,000",Representatives,1001.0,R,2025-03-28,ST,,2025-Q1,90.36000061035156,88.9800033569336,-1.527221385675685,15000.0,-1.527221385675685
Rob Bresnahan,B001327,2025-03-27,2025-02-25,NDSN,Sale,"$1,001 - $15,000",Representatives,1001.0,R,2025-03-28,ST,,2025-Q1,212.7613376525523,206.5500030517578,2.9193906511989707,15000.0,2.9193906511989707
Rob Bresnahan,B001327,2025-03-27,2025-02-25,NVDA,Sale,"$1,001 - $15,000",Representatives,1001.0,R,2025-03-28,ST,,2025-Q1,129.96804527013506,111.43000030517578,14.263540646801648,15000.0,14.263540646801648
Rob Bresnahan,B001327,2025-03-27,2025-02-25,RVTY,Purchase,"$1,001 - $15,000",Representatives,1001.0,R,2025-03-28,ST,,2025-Q1,115.26000213623048,107.33999633789062,-6.871426038131482,15000.0,-6.871426038131482
Rob Bresnahan,B001327,2025-03-27,2025-02-25,ABBV,Purchase,"$1,001 - $15,000",Representatives,1001.0,R,2025-03-28,ST,,2025-Q1,205.17999267578125,202.72000122070312,-1.198943144015666,15000.0,-1.198943144015666
Rob Bresnahan,B001327,2025-03-27,2025-02-25,AVY,Sale,"$1,001 - $15,000",Representatives,1001.0,R,2025-03-28,ST,,2025-Q1,184.69928097442389,177.99000549316406,3.632540119194555,15000.0,3.632540119194555
Rob Bresnahan,B001327,2025-03-27,2025-02-25,BA,Purchase,"$15,001 - $50,000",Representatives,15001.0,R,2025-03-28,ST,,2025-Q1,180.4499969482422,179.11000061035156,-0.7425859576351067,50000.0,-0.7425859576351067
Rob Bresnahan,B001327,2025-03-27,2025-02-25,CSX,Sale,"$1,001 - $15,000",Representatives,1001.0,R,2025-03-28,ST,,2025-Q1,31.840161348648056,29.920000076293945,6.030626702322417,15000.0,6.030626702322417
Rob Bresnahan,B001327,2025-03-27,2025-02-25,SRE,Sale,"$1,001 - $15,000",Representatives,1001.0,R,2025-03-28,ST,,2025-Q1,71.72329538008292,70.05999755859375,2.3190482432170194,15000.0,2.3190482432170194
Rob Bresnahan,B001327,2025-03-27,2025-02-25,DXCM,Purchase,"$1,001 - $15,000",Representatives,1001.0,R,2025-03-28,ST,,2025-Q1,90.70999908447266,69.47000122070312,-23.41527734333899,15000.0,-23.41527734333899
Rob Bresnahan,B001327,2025-03-27,2025-02-25,EMR,Purchase,"$1,001 - $15,000",Representatives,1001.0,R,2025-03-28,ST,,2025-Q1,119.47000122070312,112.08000183105467,-6.1856527279986455,15000.0,-6.1856527279986455
Rob Bresnahan,B001327,2025-03-27,2025-02-25,FCX,Sale,"$1,001 - $15,000",Representatives,1001.0,R,2025-03-28,ST,,2025-Q1,37.18999862670898,39.97999954223633,-7.502019409927136,15000.0,-7.502019409927136
Rob Bresnahan,B001327,2025-03-27,2025-02-25,MRK,Sale,"$15,001 - $50,000",Representatives,15001.0,R,2025-03-28,ST,,2025-Q1,90.96415523877718,87.5999984741211,3.698332333022072,50000.0,3.698332333022072
Rob Bresnahan,B001327,2025-03-27,2025-02-25,TFX,Sale,"$1,001 - $15,000",Representatives,1001.0,R,2025-03-28,ST,,2025-Q1,177.60573302723756,139.3699951171875,21.528436756141332,15000.0,21.528436756141332
Rob Bresnahan,B001327,2025-03-27,2025-02-25,URI,Sale,"$1,001 - $15,000",Representatives,1001.0,R,2025-03-28,ST,,2025-Q1,633.0,645.9199829101562,-2.041071549787717,15000.0,-2.041071549787717
Rob Bresnahan,B001327,2025-03-27,2025-02-25,ZM,Purchase,"$1,001 - $15,000",Representatives,1001.0,R,2025-03-28,ST,,2025-Q1,77.66500091552734,76.77999877929688,-1.1395121686704737,15000.0,-1.1395121686704737
Rob Bresnahan,B001327,2025-03-27,2025-02-25,CPB,Purchase,"$1,001 - $15,000",Representatives,1001.0,R,2025-03-28,ST,,2025-Q1,41.29999923706055,39.58000183105469,-4.164642706488043,15000.0,-4.164642706488043
Rob Bresnahan,B001327,2025-03-27,2025-02-25,DHR,Sale,"$15,001 - $50,000",Representatives,15001.0,R,2025-03-28,ST,,2025-Q1,210.8999938964844,210.1100006103516,0.374581938831427,50000.0,0.374581938831427
Rob Bresnahan,B001327,2025-03-27,2025-02-25,ETN,Sale,"$1,001 - $15,000",Representatives,1001.0,R,2025-03-28,ST,,2025-Q1,287.20001220703125,280.9100036621094,2.1901143027764407,15000.0,2.1901143027764407
Rob Bresnahan,B001327,2025-03-27,2025-02-25,EOG,Purchase,"$1,001 - $15,000",Representatives,1001.0,R,2025-03-28,ST,,2025-Q1,133.32000732421875,126.7300033569336,-4.942997003637296,15000.0,-4.942997003637296
Rob Bresnahan,B001327,2025-03-27,2025-02-25,FSLR,Sale,"$1,001 - $15,000",Representatives,1001.0,R,2025-03-28,ST,,2025-Q1,150.92999267578125,126.5999984741211,16.120052595460194,15000.0,16.120052595460194
Rob Bresnahan,B001327,2025-03-27,2025-02-25,HCA,Sale,"$1,001 - $15,000",Representatives,1001.0,R,2025-03-28,ST,,2025-Q1,320.25641150918614,342.3399963378906,-6.895594915535688,15000.0,-6.895594915535688
Rob Bresnahan,B001327,2025-03-27,2025-02-25,HUM,Purchase,"$1,001 - $15,000",Representatives,1001.0,R,2025-03-28,ST,,2025-Q1,254.92999267578125,270.3800048828125,6.060492155068039,15000.0,6.060492155068039
Rob Bresnahan,B001327,2025-03-27,2025-02-25,PFE,Purchase,"$15,001 - $50,000",Representatives,15001.0,R,2025-03-28,ST,,2025-Q1,26.71999931335449,25.01000022888184,-6.399697336885818,50000.0,-6.399697336885818
Rob Bresnahan,B001327,2025-03-27,2025-02-25,SLB,Purchase,"$1,001 - $15,000",Representatives,1001.0,R,2025-03-28,ST,,2025-Q1,41.43999862670898,42.09999847412109,1.592663777229773,15000.0,1.592663777229773
Rob Bresnahan,B001327,2025-03-27,2025-02-25,TXT,Sale,"$1,001 - $15,000",Representatives,1001.0,R,2025-03-28,ST,,2025-Q1,72.79976878383906,75.27999877929688,-3.40692015495578,15000.0,-3.40692015495578
Rob Bresnahan,B001327,2025-03-27,2025-02-25,AES,Purchase,"$1,001 - $15,000",Representatives,1001.0,R,2025-03-28,ST,,2025-Q1,10.720000267028809,12.43000030517578,15.951492495819892,15000.0,15.951492495819892
Rob Bresnahan,B001327,2025-03-27,2025-02-25,UNH,Sale,"$15,001 - $50,000",Representatives,15001.0,R,2025-03-28,ST,,2025-Q1,458.8092054863519,515.719970703125,-12.404015555103328,50000.0,-12.404015555103328
Rob Bresnahan,B001327,2025-03-27,2025-02-25,V,Purchase,"$1,001 - $15,000",Representatives,1001.0,R,2025-03-28,ST,,2025-Q1,351.3699951171875,349.8599853515625,-0.4297492064231004,15000.0,-0.4297492064231004
Rob Bresnahan,B001327,2025-03-27,2025-02-25,EXR,Sale,"$1,001 - $15,000",Representatives,1001.0,R,2025-03-28,ST,,2025-Q1,158.4534266568625,145.19000244140625,8.370550574572766,15000.0,8.370550574572766
Rob Bresnahan,B001327,2025-03-27,2025-02-25,CVS,Purchase,"$1,001 - $15,000",Representatives,1001.0,R,2025-03-28,ST,,2025-Q1,63.02000045776367,67.58999633789062,7.251659547653904,15000.0,7.251659547653904
Rob Bresnahan,B001327,2025-03-27,2025-02-25,LMT,Sale,"$1,001 - $15,000",Representatives,1001.0,R,2025-03-28,ST,,2025-Q1,438.513155525532,442.2799987792969,-0.8590034771592058,15000.0,-0.8590034771592058
Rob Bresnahan,B001327,2025-03-27,2025-02-25,IDXX,Purchase,"$1,001 - $15,000",Representatives,1001.0,R,2025-03-28,ST,,2025-Q1,464.6099853515625,422.5400085449219,-9.054901558950997,15000.0,-9.054901558950997
Rob Bresnahan,B001327,2025-03-27,2025-02-25,CNP,Purchase,"$1,001 - $15,000",Representatives,1001.0,R,2025-03-28,ST,,2025-Q1,34.16999816894531,35.66999816894531,4.389815862979014,15000.0,4.389815862979014
Rob Bresnahan,B001327,2025-03-27,2025-02-25,F,Sale,"$1,001 - $15,000",Representatives,1001.0,R,2025-03-28,ST,,2025-Q1,9.369999885559082,9.899999618530272,-5.656347272618646,15000.0,-5.656347272618646
Rob Bresnahan,B001327,2025-03-27,2025-02-25,IQV,Sale,"$1,001 - $15,000",Representatives,1001.0,R,2025-03-28,ST,,2025-Q1,195.69000244140625,179.36000061035156,8.34483194201208,15000.0,8.34483194201208
Rob Bresnahan,B001327,2025-03-27,2025-02-25,APP,Sale,"$1,001 - $15,000",Representatives,1001.0,R,2025-03-28,ST,,2025-Q1,406.7000122070313,261.70001220703125,35.65281427289152,15000.0,35.65281427289152
Rob Bresnahan,B001327,2025-03-27,2025-02-25,STE,Purchase,"$1,001 - $15,000",Representatives,1001.0,R,2025-03-28,ST,,2025-Q1,223.3600006103516,224.22999572753903,0.3895035435217402,15000.0,0.3895035435217402
Rob Bresnahan,B001327,2025-03-27,2025-02-25,ARE,Purchase,"$1,001 - $15,000",Representatives,1001.0,R,2025-03-28,ST,,2025-Q1,97.66000366210938,95.70999908447266,-1.9967279382698728,15000.0,-1.9967279382698728
Rob Bresnahan,B001327,2025-03-27,2025-02-25,ADBE,Sale,"$1,001 - $15,000",Representatives,1001.0,R,2025-03-28,ST,,2025-Q1,443.4700012207031,396.1499938964844,10.67039646288698,15000.0,10.67039646288698
Rob Bresnahan,B001327,2025-03-27,2025-02-25,PEP,Sale,"$15,001 - $50,000",Representatives,15001.0,R,2025-03-28,ST,,2025-Q1,153.4334137808056,149.6699981689453,2.452800546585437,50000.0,2.452800546585437
Rob Bresnahan,B001327,2025-03-10,2025-02-21,BABA,Purchase,"$1,001 - $15,000",Representatives,1001.0,R,2025-03-11,ST,,2025-Q1,141.60000610351562,135.6300048828125,-4.216102375263176,15000.0,-4.216102375263176
Rob Bresnahan,B001327,2025-03-10,2025-02-20,META,Sale,"$1,001 - $15,000",Representatives,1001.0,R,2025-03-11,ST,,2025-Q1,696.6602457328806,602.5800170898438,13.504463505602404,15000.0,13.504463505602404
Rob Bresnahan,B001327,2025-03-10,2025-02-20,HOOD,Sale,"$1,001 - $15,000",Representatives,1001.0,R,2025-03-11,ST,,2025-Q1,59.09000015258789,43.9900016784668,25.554236647704226,15000.0,25.554236647704226
Rob Bresnahan,B001327,2025-03-10,2025-02-20,INTC,Purchase,"$1,001 - $15,000",Representatives,1001.0,R,2025-03-11,ST,,2025-Q1,25.559999465942383,23.6200008392334,-7.589979136321777,15000.0,-7.589979136321777
Rob Bresnahan,B001327,2025-03-10,2025-02-18,ALAB,Sale,"$1,001 - $15,000",Representatives,1001.0,R,2025-03-11,ST,,2025-Q1,88.5999984741211,62.790000915527344,29.1309232540591,15000.0,29.1309232540591
Rob Bresnahan,B001327,2025-03-10,2025-02-14,INTC,Purchase,"$1,001 - $15,000",Representatives,1001.0,R,2025-03-11,ST,,2025-Q1,24.36000061035156,23.6200008392334,-3.037765815176982,15000.0,-3.037765815176982
Rob Bresnahan,B001327,2025-03-10,2025-02-14,ORCL,Sale,"$1,001 - $15,000",Representatives,1001.0,R,2025-03-11,ST,,2025-Q1,174.25,145.77999877929688,16.338594674722025,15000.0,16.338594674722025
Rob Bresnahan,B001327,2025-03-10,2025-02-14,RDDT,Purchase,"$1,001 - $15,000",Representatives,1001.0,R,2025-03-11,ST,,2025-Q1,202.0,110.2300033569336,-45.43069140745862,15000.0,-45.43069140745862
Markwayne Mullin,M001190,2025-02-27,2025-02-13,HON,Sale (Full),"$15,001 - $50,000",Senate,15001.0,R,2025-02-28,Stock,,2025-Q1,205.4106505710755,214.1699981689453,4.264310333236068,50000.0,-4.264310333236068
Markwayne Mullin,M001190,2025-02-27,2025-02-13,IQV,Purchase,"$15,001 - $50,000",Senate,15001.0,R,2025-02-28,Stock,,2025-Q1,197.91000366210935,179.36000061035156,-9.372948667833954,50000.0,-9.372948667833954
Markwayne Mullin,M001190,2025-02-27,2025-02-13,LHX,Purchase,"$15,001 - $50,000",Senate,15001.0,R,2025-02-28,Stock,,2025-Q1,200.9086121957819,212.6999969482422,5.869029019507533,50000.0,5.869029019507533
Markwayne Mullin,M001190,2025-02-27,2025-02-13,LPLA,Purchase,"$50,001 - $100,000",Senate,50001.0,R,2025-02-28,Stock,,2025-Q1,366.9457482472425,333.19000244140625,-9.19911075876322,100000.0,-9.19911075876322
Markwayne Mullin,M001190,2025-02-27,2025-02-13,VAW,Sale (Full),"$100,001 - $250,000",Senate,100001.0,R,2025-02-28,Stock,,2025-Q1,197.35320900114732,191.0200042724609,-3.209071066409461,250000.0,3.209071066409461
Markwayne Mullin,M001190,2025-02-27,2025-02-13,MSFT,Purchase,"$50,001 - $100,000",Senate,50001.0,R,2025-02-28,Stock,,2025-Q1,406.185550721702,390.5799865722656,-3.841979145173609,100000.0,-3.841979145173609
Markwayne Mullin,M001190,2025-02-27,2025-02-13,TJX,Purchase,"$15,001 - $50,000",Senate,15001.0,R,2025-02-28,Stock,,2025-Q1,124.5,120.56999969482422,-3.1566267511452057,50000.0,-3.1566267511452057
Markwayne Mullin,M001190,2025-02-27,2025-02-13,DHR,Sale (Full),"$15,001 - $50,000",Senate,15001.0,R,2025-02-28,Stock,,2025-Q1,202.6300048828125,210.1100006103516,3.691455138573868,50000.0,-3.691455138573868
Markwayne Mullin,M001190,2025-02-27,2025-02-13,ACN,Purchase,"$50,001 - $100,000",Senate,50001.0,R,2025-02-28,Stock,,2025-Q1,388.6099853515625,308.5299987792969,-20.60677532509102,100000.0,-20.60677532509102
Markwayne Mullin,M001190,2025-02-27,2025-02-13,AMZN,Purchase,"$15,001 - $50,000",Senate,15001.0,R,2025-02-28,Stock,,2025-Q1,228.8500061035156,201.3600006103516,-12.012237168448893,50000.0,-12.012237168448893
Rob Bresnahan,B001327,2025-03-07,2025-02-13,ANET,Sale,"$1,001 - $15,000",Representatives,1001.0,R,2025-03-10,ST,,2025-Q1,109.72000122070312,78.95999908447266,28.03499981225515,15000.0,28.03499981225515
Rob Bresnahan,B001327,2025-03-07,2025-02-13,SNOW,Purchase,"$1,001 - $15,000",Representatives,1001.0,R,2025-03-10,ST,,2025-Q1,186.9600067138672,156.97999572753906,-16.035520918765805,15000.0,-16.035520918765805
Markwayne Mullin,M001190,2025-02-27,2025-02-13,PM,Purchase,"$15,001 - $50,000",Senate,15001.0,R,2025-02-28,Stock,,2025-Q1,147.7755788812297,155.00999450683594,4.895542064782356,50000.0,4.895542064782356
Markwayne Mullin,M001190,2025-02-27,2025-02-13,STZ,Sale (Partial),"$15,001 - $50,000",Senate,15001.0,R,2025-02-28,Stock,,2025-Q1,162.97999572753906,184.30999755859372,13.087496864776584,50000.0,-13.087496864776584
Markwayne Mullin,M001190,2025-02-27,2025-02-13,AMD,Sale (Full),"$50,001 - $100,000",Senate,50001.0,R,2025-02-28,Stock,,2025-Q1,112.0,106.6500015258789,-4.776784351893833,100000.0,4.776784351893833
Rob Bresnahan,B001327,2025-03-07,2025-02-12,HOOD,Sale,"$1,001 - $15,000",Representatives,1001.0,R,2025-03-10,ST,,2025-Q1,53.16999816894531,43.9900016784668,17.265369205598773,15000.0,17.265369205598773
Rob Bresnahan,B001327,2025-03-07,2025-02-12,SNOW,Purchase,"$1,001 - $15,000",Representatives,1001.0,R,2025-03-10,ST,,2025-Q1,180.4199981689453,156.97999572753906,-12.991909255789388,15000.0,-12.991909255789388
Thomas H. Kean Jr,K000398,2025-03-14,2025-02-12,MAGN,Sale,"$1,001 - $15,000",Representatives,1001.0,R,2025-03-14,ST,,2025-Q1,21.309999465942383,19.020000457763672,10.746124193191957,15000.0,10.746124193191957
Rob Bresnahan,B001327,2025-03-07,2025-02-11,MNDY,Purchase,"$1,001 - $15,000",Representatives,1001.0,R,2025-03-10,ST,,2025-Q1,326.5799865722656,255.67999267578125,-21.70984041019783,15000.0,-21.70984041019783
Rob Bresnahan,B001327,2025-03-07,2025-02-11,ON,Sale,"$1,001 - $15,000",Representatives,1001.0,R,2025-03-10,ST,,2025-Q1,46.970001220703125,43.7599983215332,6.834155451873904,15000.0,6.834155451873904
Rob Bresnahan,B001327,2025-03-07,2025-02-10,TTWO,Purchase,"$1,001 - $15,000",Representatives,1001.0,R,2025-03-10,ST,,2025-Q1,210.00999450683597,214.2899932861328,2.0379976626100804,15000.0,2.0379976626100804
Rob Bresnahan,B001327,2025-03-07,2025-02-10,NET,Purchase,"$1,001 - $15,000",Representatives,1001.0,R,2025-03-10,ST,,2025-Q1,167.5,118.56999969482422,-29.21194048070196,15000.0,-29.21194048070196
Rob Bresnahan,B001327,2025-03-07,2025-02-10,MSFT,Sale,"$1,001 - $15,000",Representatives,1001.0,R,2025-03-10,ST,,2025-Q1,412.8821197108573,390.5799865722656,5.401573978115092,15000.0,5.401573978115092
Rob Bresnahan,B001327,2025-03-07,2025-02-10,MTSI,Purchase,"$1,001 - $15,000",Representatives,1001.0,R,2025-03-10,ST,,2025-Q1,124.75,101.9000015258789,-18.31663204338364,15000.0,-18.31663204338364
Rob Bresnahan,B001327,2025-03-07,2025-02-10,BABA,Purchase,"$1,001 - $15,000",Representatives,1001.0,R,2025-03-10,ST,,2025-Q1,107.31999969482422,135.6300048828125,26.37905820768801,15000.0,26.37905820768801
Rob Bresnahan,B001327,2025-03-07,2025-02-10,TTD,Sale,"$1,001 - $15,000",Representatives,1001.0,R,2025-03-10,ST,,2025-Q1,120.22000122070312,57.2599983215332,52.37065568115097,15000.0,52.37065568115097
Rob Bresnahan,B001327,2025-02-13,2025-02-07,LOW,Sale,"$15,001 - $50,000",Representatives,15001.0,R,2025-02-14,ST,,2025-Q1,256.82000732421875,232.1699981689453,9.598165428036292,50000.0,9.598165428036292
Thomas H. Kean Jr,K000398,2025-03-14,2025-02-07,PRNDY,Sale,"$1,001 - $15,000",Representatives,1001.0,R,2025-03-14,ST,,2025-Q1,21.209999084472656,19.790000915527344,6.694946865815095,15000.0,6.694946865815095
Thomas H. Kean Jr,K000398,2025-03-14,2025-02-07,MDLZ,Purchase,"$1,001 - $15,000",Representatives,1001.0,R,2025-03-14,ST,,2025-Q1,58.04999923706055,67.5,16.279071295674264,15000.0,16.279071295674264
Rob Bresnahan,B001327,2025-02-13,2025-02-03,INTC,Purchase,"$1,001 - $15,000",Representatives,1001.0,R,2025-02-14,ST,,2025-Q1,18.96999931335449,23.6200008392334,24.512396911925038,15000.0,24.512396911925038
Rob Bresnahan,B001327,2025-02-13,2025-02-03,TTWO,Purchase,"$1,001 - $15,000",Representatives,1001.0,R,2025-02-14,ST,,2025-Q1,184.6199951171875,214.2899932861328,16.070847662038062,15000.0,16.070847662038062
Rob Bresnahan,B001327,2025-02-13,2025-02-03,TTWO,Purchase,"$1,001 - $15,000",Representatives,1001.0,R,2025-02-14,ST,,2025-Q1,184.6199951171875,214.2899932861328,16.070847662038062,15000.0,16.070847662038062
Markwayne Mullin,M001190,2025-02-27,2025-02-03,COHR,Purchase,"$1,001 - $15,000",Senate,1001.0,R,2025-02-28,Stock,,2025-Q1,84.43000030517578,67.9000015258789,-19.578347411522564,15000.0,-19.578347411522564
Markwayne Mullin,M001190,2025-02-27,2025-02-03,MTZ,Purchase,"$1,001 - $15,000",Senate,1001.0,R,2025-02-28,Stock,,2025-Q1,140.0500030517578,118.79000091552734,-15.180293947136494,15000.0,-15.180293947136494
Rob Bresnahan,B001327,2025-02-13,2025-02-03,INTC,Purchase,"$1,001 - $15,000",Representatives,1001.0,R,2025-02-14,ST,,2025-Q1,18.96999931335449,23.6200008392334,24.512396911925038,15000.0,24.512396911925038
Rob Bresnahan,B001327,2025-02-13,2025-02-03,NOW,Purchase,"$1,001 - $15,000",Representatives,1001.0,R,2025-02-14,ST,,2025-Q1,1006.5,827.739990234375,-17.76055735376304,15000.0,-17.76055735376304
Rob Bresnahan,B001327,2025-02-13,2025-02-03,TTWO,Purchase,"$1,001 - $15,000",Representatives,1001.0,R,2025-02-14,ST,,2025-Q1,184.6199951171875,214.2899932861328,16.070847662038062,15000.0,16.070847662038062
Rob Bresnahan,B001327,2025-02-13,2025-02-03,NOW,Purchase,"$1,001 - $15,000",Representatives,1001.0,R,2025-02-14,ST,,2025-Q1,1006.5,827.739990234375,-17.76055735376304,15000.0,-17.76055735376304
Markwayne Mullin,M001190,2025-02-27,2025-02-03,DELL,Purchase,"$1,001 - $15,000",Senate,1001.0,R,2025-02-28,Stock,,2025-Q1,99.37999725341795,97.0999984741211,-2.294223025064995,15000.0,-2.294223025064995
Markwayne Mullin,M001190,2025-02-27,2025-02-03,CRDO,Purchase,"$1,001 - $15,000",Senate,1001.0,R,2025-02-28,Stock,,2025-Q1,63.80400085449219,42.43000030517578,-33.49946753035245,15000.0,-33.49946753035245
Markwayne Mullin,M001190,2025-02-27,2025-02-03,AIT,Purchase,"$1,001 - $15,000",Senate,1001.0,R,2025-02-28,Stock,,2025-Q1,253.99521702191052,232.22000122070312,-8.5730810432265,15000.0,-8.5730810432265
Markwayne Mullin,M001190,2025-02-27,2025-02-03,GS,Purchase,"$1,001 - $15,000",Senate,1001.0,R,2025-02-28,Stock,,2025-Q1,622.9111915643173,558.9199829101562,-10.272926465401891,15000.0,-10.272926465401891
Markwayne Mullin,M001190,2025-02-27,2025-02-03,WAB,Purchase,"$1,001 - $15,000",Senate,1001.0,R,2025-02-28,Stock,,2025-Q1,203.45488683001824,186.9199981689453,-8.12705407016713,15000.0,-8.12705407016713
Rob Bresnahan,B001327,2025-02-13,2025-02-03,INTC,Purchase,"$1,001 - $15,000",Representatives,1001.0,R,2025-02-14,ST,,2025-Q1,18.96999931335449,23.6200008392334,24.512396911925038,15000.0,24.512396911925038
Markwayne Mullin,M001190,2025-02-27,2025-02-03,LRN,Purchase,"$1,001 - $15,000",Senate,1001.0,R,2025-02-28,Stock,,2025-Q1,132.1999969482422,128.55999755859375,-2.753403535306842,15000.0,-2.753403535306842
Markwayne Mullin,M001190,2025-02-27,2025-02-03,IRM,Purchase,"$1,001 - $15,000",Senate,1001.0,R,2025-02-28,Stock,,2025-Q1,98.66764066134375,85.51000213623047,-13.335312810685476,15000.0,-13.335312810685476
Markwayne Mullin,M001190,2025-02-27,2025-02-03,PRMB,Purchase,"$1,001 - $15,000",Senate,1001.0,R,2025-02-28,Stock,,2025-Q1,31.691823740436988,34.45000076293945,8.703118650073732,15000.0,8.703118650073732
Thomas H. Kean Jr,K000398,2025-02-19,2025-01-31,MSFT,Purchase,"$1,001 - $15,000",Representatives,1001.0,R,2025-02-20,ST,,2025-Q1,418.141600337115,390.5799865722656,-6.591454603566971,15000.0,-6.591454603566971
Rob Bresnahan,B001327,2025-02-13,2025-01-30,MSFT,Sale,"$1,001 - $15,000",Representatives,1001.0,R,2025-02-14,ST,,2025-Q1,417.9319804505241,390.5799865722656,6.544604183861086,15000.0,6.544604183861086
Rob Bresnahan,B001327,2025-02-13,2025-01-30,BABA,Purchase,"$1,001 - $15,000",Representatives,1001.0,R,2025-02-14,ST,,2025-Q1,97.3000030517578,135.6300048828125,39.393628601085865,15000.0,39.393628601085865
Rob Bresnahan,B001327,2025-02-13,2025-01-30,MSFT,Sale,"$1,001 - $15,000",Representatives,1001.0,R,2025-02-14,ST,,2025-Q1,417.9319804505241,390.5799865722656,6.544604183861086,15000.0,6.544604183861086
Rob Bresnahan,B001327,2025-02-13,2025-01-29,HOOD,Sale,"$1,001 - $15,000",Representatives,1001.0,R,2025-02-14,ST,,2025-Q1,48.81999969482422,43.9900016784668,9.89348227478479,15000.0,9.89348227478479
Rob Bresnahan,B001327,2025-02-13,2025-01-29,NVDA,Sale,"$1,001 - $15,000",Representatives,1001.0,R,2025-02-14,ST,,2025-Q1,126.48836708502724,111.43000030517578,11.904942032913596,15000.0,11.904942032913596
Rob Bresnahan,B001327,2025-02-13,2025-01-29,CRDO,Sale,"$1,001 - $15,000",Representatives,1001.0,R,2025-02-14,ST,,2025-Q1,59.400001525878906,42.43000030517578,28.569024890192598,15000.0,28.569024890192598
Rob Bresnahan,B001327,2025-02-13,2025-01-29,CRDO,Sale,"$1,001 - $15,000",Representatives,1001.0,R,2025-02-14,ST,,2025-Q1,59.400001525878906,42.43000030517578,28.569024890192598,15000.0,28.569024890192598
Rob Bresnahan,B001327,2025-02-13,2025-01-29,MANH,Sale,"$1,001 - $15,000",Representatives,1001.0,R,2025-02-14,ST,,2025-Q1,222.8000030517578,174.82000732421875,21.53500676406769,15000.0,21.53500676406769
Rob Bresnahan,B001327,2025-02-13,2025-01-29,MANH,Sale,"$1,001 - $15,000",Representatives,1001.0,R,2025-02-14,ST,,2025-Q1,222.8000030517578,174.82000732421875,21.53500676406769,15000.0,21.53500676406769
Rob Bresnahan,B001327,2025-02-13,2025-01-29,HOOD,Sale,"$1,001 - $15,000",Representatives,1001.0,R,2025-02-14,ST,,2025-Q1,48.81999969482422,43.9900016784668,9.89348227478479,15000.0,9.89348227478479
Rob Bresnahan,B001327,2025-02-13,2025-01-29,CRDO,Sale,"$1,001 - $15,000",Representatives,1001.0,R,2025-02-14,ST,,2025-Q1,59.400001525878906,42.43000030517578,28.569024890192598,15000.0,28.569024890192598
Rob Bresnahan,B001327,2025-02-13,2025-01-29,META,Sale,"$1,001 - $15,000",Representatives,1001.0,R,2025-02-14,ST,,2025-Q1,674.4000060630054,602.5800170898438,10.64946446137071,15000.0,10.64946446137071
Rob Bresnahan,B001327,2025-02-13,2025-01-29,MANH,Sale,"$1,001 - $15,000",Representatives,1001.0,R,2025-02-14,ST,,2025-Q1,222.8000030517578,174.82000732421875,21.53500676406769,15000.0,21.53500676406769
Rob Bresnahan,B001327,2025-02-13,2025-01-29,META,Sale,"$1,001 - $15,000",Representatives,1001.0,R,2025-02-14,ST,,2025-Q1,674.4000060630054,602.5800170898438,10.64946446137071,15000.0,10.64946446137071
Rob Bresnahan,B001327,2025-02-13,2025-01-29,BABA,Purchase,"$1,001 - $15,000",Representatives,1001.0,R,2025-02-14,ST,,2025-Q1,99.38999938964844,135.6300048828125,36.462426517469616,15000.0,36.462426517469616
Rob Bresnahan,B001327,2025-02-13,2025-01-29,BABA,Purchase,"$1,001 - $15,000",Representatives,1001.0,R,2025-02-14,ST,,2025-Q1,99.38999938964844,135.6300048828125,36.462426517469616,15000.0,36.462426517469616
Rob Bresnahan,B001327,2025-02-13,2025-01-29,NVDA,Sale,"$1,001 - $15,000",Representatives,1001.0,R,2025-02-14,ST,,2025-Q1,126.48836708502724,111.43000030517578,11.904942032913596,15000.0,11.904942032913596
Rob Bresnahan,B001327,2025-02-13,2025-01-29,HOOD,Sale,"$1,001 - $15,000",Representatives,1001.0,R,2025-02-14,ST,,2025-Q1,48.81999969482422,43.9900016784668,9.89348227478479,15000.0,9.89348227478479
Rob Bresnahan,B001327,2025-02-13,2025-01-29,BABA,Purchase,"$1,001 - $15,000",Representatives,1001.0,R,2025-02-14,ST,,2025-Q1,99.38999938964844,135.6300048828125,36.462426517469616,15000.0,36.462426517469616
Rob Bresnahan,B001327,2025-02-13,2025-01-28,NVDA,Sale,"$1,001 - $15,000",Representatives,1001.0,R,2025-02-14,ST,,2025-Q1,121.79880142784783,111.43000030517578,8.513056779802895,15000.0,8.513056779802895
Rob Bresnahan,B001327,2025-02-13,2025-01-28,AVGO,Sale,"$1,001 - $15,000",Representatives,1001.0,R,2025-02-14,ST,,2025-Q1,207.38246902715304,171.99000549316406,17.066275515002662,15000.0,17.066275515002662
Rob Bresnahan,B001327,2025-02-13,2025-01-28,TEAM,Purchase,"$1,001 - $15,000",Representatives,1001.0,R,2025-02-14,ST,,2025-Q1,266.0199890136719,222.63999938964844,-16.3070413561268,15000.0,-16.3070413561268
Rob Bresnahan,B001327,2025-02-13,2025-01-28,ZM,Purchase,"$1,001 - $15,000",Representatives,1001.0,R,2025-02-14,ST,,2025-Q1,82.44999694824219,76.77999877929688,-6.876893121663354,15000.0,-6.876893121663354
Rob Bresnahan,B001327,2025-02-13,2025-01-28,ZM,Purchase,"$1,001 - $15,000",Representatives,1001.0,R,2025-02-14,ST,,2025-Q1,82.44999694824219,76.77999877929688,-6.876893121663354,15000.0,-6.876893121663354
Rob Bresnahan,B001327,2025-02-13,2025-01-28,ZM,Purchase,"$1,001 - $15,000",Representatives,1001.0,R,2025-02-14,ST,,2025-Q1,82.44999694824219,76.77999877929688,-6.876893121663354,15000.0,-6.876893121663354
Rob Bresnahan,B001327,2025-02-13,2025-01-28,CRWD,Purchase,"$1,001 - $15,000",Representatives,1001.0,R,2025-02-14,ST,,2025-Q1,372.6700134277344,366.55999755859375,-1.6395244181151265,15000.0,-1.6395244181151265
Rob Bresnahan,B001327,2025-02-13,2025-01-28,TEAM,Purchase,"$1,001 - $15,000",Representatives,1001.0,R,2025-02-14,ST,,2025-Q1,266.0199890136719,222.63999938964844,-16.3070413561268,15000.0,-16.3070413561268
Rob Bresnahan,B001327,2025-02-13,2025-01-28,CRWD,Purchase,"$1,001 - $15,000",Representatives,1001.0,R,2025-02-14,ST,,2025-Q1,372.6700134277344,366.55999755859375,-1.6395244181151265,15000.0,-1.6395244181151265
Rob Bresnahan,B001327,2025-02-13,2025-01-28,TEAM,Purchase,"$1,001 - $15,000",Representatives,1001.0,R,2025-02-14,ST,,2025-Q1,266.0199890136719,222.63999938964844,-16.3070413561268,15000.0,-16.3070413561268
Rob Bresnahan,B001327,2025-02-13,2025-01-28,CRWD,Purchase,"$1,001 - $15,000",Representatives,1001.0,R,2025-02-14,ST,,2025-Q1,372.6700134277344,366.55999755859375,-1.6395244181151265,15000.0,-1.6395244181151265
Rob Bresnahan,B001327,2025-02-13,2025-01-21,GOOG,Sale,"$50,001 - $100,000",Representatives,50001.0,R,2025-02-14,ST,,2025-Q1,200.28182025394423,164.0800018310547,18.075439087276123,100000.0,18.075439087276123
Rob Bresnahan,B001327,2025-02-13,2025-01-21,KO,Sale,"$1,001 - $15,000",Representatives,1001.0,R,2025-02-14,ST,,2025-Q1,62.43922895475683,70.73999786376953,-13.29415665114539,15000.0,-13.29415665114539
Rob Bresnahan,B001327,2025-02-13,2025-01-21,DIS,Sale,"$15,001 - $50,000",Representatives,15001.0,R,2025-02-14,ST,,2025-Q1,107.0999984741211,100.4499969482422,6.209151839984169,50000.0,6.209151839984169
Rob Bresnahan,B001327,2025-02-13,2025-01-21,CRM,Sale,"$15,001 - $50,000",Representatives,15001.0,R,2025-02-14,ST,,2025-Q1,329.3999938964844,277.8099975585937,15.661808528783109,50000.0,15.661808528783109
Thomas H. Kean Jr,K000398,2025-02-19,2025-01-16,AMZN,Purchase,"$1,001 - $15,000",Representatives,1001.0,R,2025-02-20,ST,,2025-Q1,224.4199981689453,201.3600006103516,-10.275375522119909,15000.0,-10.275375522119909
Rob Bresnahan,B001327,2025-02-13,2025-01-16,LRCX,Purchase,"$1,001 - $15,000",Representatives,1001.0,R,2025-02-14,ST,,2025-Q1,78.65262715928323,74.80999755859375,-4.885570564486782,15000.0,-4.885570564486782
Nancy Pelosi,P000197,2025-01-17,2025-01-14,TEM,Purchase,"$50,001 - $100,000",Representatives,50001.0,D,2025-01-20,OP,PURCHASED 50 CALL OPTIONS WITH A STRIKE PRICE OF $20 AND AN EXPIRATION DATE OF 1/16/26.,2025-Q1,33.099998474121094,51.970001220703125,57.00907437000444,100000.0,57.00907437000444
Nancy Pelosi,P000197,2025-01-17,2025-01-14,AMZN,Purchase,"$250,001 - $500,000",Representatives,250001.0,D,2025-01-20,OP,PURCHASED 50 CALL OPTIONS WITH A STRIKE PRICE OF $150 AND AN EXPIRATION DATE OF 1/16/26.,2025-Q1,220.44000244140625,201.3600006103516,-8.655417174623839,500000.0,-8.655417174623839
Nancy Pelosi,P000197,2025-01-17,2025-01-14,VST,Purchase,"$500,001 - $1,000,000",Representatives,500001.0,D,2025-01-20,OP,PURCHASED 50 CALL OPTIONS WITH A STRIKE PRICE OF $50 AND AN EXPIRATION DATE OF 1/16/26.,2025-Q1,166.3924560652182,119.30999755859376,-28.296029531633504,1000000.0,-28.296029531633504
Nancy Pelosi,P000197,2025-01-17,2025-01-14,NVDA,Purchase,"$250,001 - $500,000",Representatives,250001.0,D,2025-01-20,OP,PURCHASED 50 CALL OPTIONS WITH A STRIKE PRICE OF $80 AND AN EXPIRATION DATE OF 1/16/26.,2025-Q1,136.0374931021696,111.43000030517578,-18.08875791213869,500000.0,-18.08875791213869
Nancy Pelosi,P000197,2025-01-17,2025-01-14,GOOGL,Purchase,"$250,001 - $500,000",Representatives,250001.0,D,2025-01-20,OP,PURCHASED 50 CALL OPTIONS WITH A STRIKE PRICE OF $150 AND AN EXPIRATION DATE OF 1/16/26.,2025-Q1,191.0200024296161,162.24000549316406,-15.06648338938036,500000.0,-15.06648338938036
Rob Bresnahan,B001327,2025-02-13,2025-01-13,GDDY,Sale,"$1,001 - $15,000",Representatives,1001.0,R,2025-02-14,ST,,2025-Q1,190.6300048828125,182.77999877929688,4.117927872026925,15000.0,4.117927872026925
Rob Bresnahan,B001327,2025-02-13,2025-01-13,TMUS,Sale,"$1,001 - $15,000",Representatives,1001.0,R,2025-02-14,ST,,2025-Q1,210.62602244283383,268.2799987792969,-27.372674880242283,15000.0,-27.372674880242283
Rob Bresnahan,B001327,2025-02-13,2025-01-13,CMG,Sale,"$1,001 - $15,000",Representatives,1001.0,R,2025-02-14,ST,,2025-Q1,56.13999938964844,50.91999816894531,9.298185389124946,15000.0,9.298185389124946
Rob Bresnahan,B001327,2025-02-13,2025-01-13,FIX,Sale,"$1,001 - $15,000",Representatives,1001.0,R,2025-02-14,ST,,2025-Q1,431.906514141513,332.2799987792969,23.066685058047952,15000.0,23.066685058047952
Rob Bresnahan,B001327,2025-02-13,2025-01-13,MOH,Sale,"$1,001 - $15,000",Representatives,1001.0,R,2025-02-14,ST,,2025-Q1,291.45001220703125,323.4700012207031,-10.986442845274786,15000.0,-10.986442845274786
Rob Bresnahan,B001327,2025-02-13,2025-01-13,WSC,Sale,"$1,001 - $15,000",Representatives,1001.0,R,2025-02-14,ST,,2025-Q1,34.549357205954664,29.309999465942383,15.16484867946911,15000.0,15.16484867946911
Rob Bresnahan,B001327,2025-02-13,2025-01-13,AMD,Sale,"$1,001 - $15,000",Representatives,1001.0,R,2025-02-14,ST,,2025-Q1,115.27999877929688,106.6500015258789,7.486118446218989,15000.0,7.486118446218989
Rob Bresnahan,B001327,2025-02-13,2025-01-13,AAON,Sale,"$1,001 - $15,000",Representatives,1001.0,R,2025-02-14,ST,,2025-Q1,120.2944776798658,80.23999786376953,33.29702292959069,15000.0,33.29702292959069
Rob Bresnahan,B001327,2025-02-13,2025-01-13,CRWD,Sale,"$1,001 - $15,000",Representatives,1001.0,R,2025-02-14,ST,,2025-Q1,342.864990234375,366.55999755859375,-6.910885625278149,15000.0,-6.910885625278149
Rob Bresnahan,B001327,2025-02-13,2025-01-13,SBAC,Sale,"$1,001 - $15,000",Representatives,1001.0,R,2025-02-14,ST,,2025-Q1,192.08999242736775,216.3800048828125,-12.645121252024182,15000.0,-12.645121252024182
Rob Bresnahan,B001327,2025-02-13,2025-01-13,PCTY,Sale,"$1,001 - $15,000",Representatives,1001.0,R,2025-02-14,ST,,2025-Q1,190.6100006103516,191.1300048828125,-0.2728105927264224,15000.0,-0.2728105927264224
Rob Bresnahan,B001327,2025-02-13,2025-01-13,ICE,Sale,"$1,001 - $15,000",Representatives,1001.0,R,2025-02-14,ST,,2025-Q1,142.01039378966507,176.36000061035156,-24.18809349374983,15000.0,-24.18809349374983
Rob Bresnahan,B001327,2025-02-13,2025-01-13,DIS,Sale,"$1,001 - $15,000",Representatives,1001.0,R,2025-02-14,ST,,2025-Q1,107.93000030517578,100.4499969482422,6.930420954121772,15000.0,6.930420954121772
Rob Bresnahan,B001327,2025-02-13,2025-01-13,HEI,Sale,"$1,001 - $15,000",Representatives,1001.0,R,2025-02-14,ST,,2025-Q1,223.33999633789065,268.6300048828125,-20.278503307756264,15000.0,-20.278503307756264
Rob Bresnahan,B001327,2025-02-13,2025-01-13,TDG,Sale,"$1,001 - $15,000",Representatives,1001.0,R,2025-02-14,ST,,2025-Q1,1253.0899658203125,1384.260009765625,-10.467727579275955,15000.0,-10.467727579275955
Rob Bresnahan,B001327,2025-02-13,2025-01-13,DBX,Sale,"$1,001 - $15,000",Representatives,1001.0,R,2025-02-14,ST,,2025-Q1,29.280000686645508,26.934999465942383,8.00888376267242,15000.0,8.00888376267242
Rob Bresnahan,B001327,2025-02-13,2025-01-13,NFLX,Sale,"$1,001 - $15,000",Representatives,1001.0,R,2025-02-14,ST,,2025-Q1,831.530029296875,976.719970703125,-17.46057704362399,15000.0,-17.46057704362399
Rob Bresnahan,B001327,2025-02-13,2025-01-13,MANH,Sale,"$1,001 - $15,000",Representatives,1001.0,R,2025-02-14,ST,,2025-Q1,262.260009765625,174.82000732421875,33.340959042726006,15000.0,33.340959042726006
Rob Bresnahan,B001327,2025-02-13,2025-01-13,CDW,Sale,"$1,001 - $15,000",Representatives,1001.0,R,2025-02-14,ST,,2025-Q1,181.5401937545969,163.83999633789062,9.750015713122547,15000.0,9.750015713122547
Rob Bresnahan,B001327,2025-02-13,2025-01-13,APPF,Sale,"$1,001 - $15,000",Representatives,1001.0,R,2025-02-14,ST,,2025-Q1,242.3600006103516,225.19000244140625,7.084501619782532,15000.0,7.084501619782532
Rob Bresnahan,B001327,2025-02-13,2025-01-13,CDNS,Sale,"$1,001 - $15,000",Representatives,1001.0,R,2025-02-14,ST,,2025-Q1,298.0,262.5400085449219,11.899325991636957,15000.0,11.899325991636957
Rob Bresnahan,B001327,2025-02-13,2025-01-13,DRI,Sale,"$1,001 - $15,000",Representatives,1001.0,R,2025-02-14,ST,,2025-Q1,179.6999969482422,207.9900054931641,-15.742909863860522,15000.0,-15.742909863860522
Rob Bresnahan,B001327,2025-02-13,2025-01-13,BA,Sale,"$15,001 - $50,000",Representatives,15001.0,R,2025-02-14,ST,,2025-Q1,171.17999267578125,179.11000061035156,-4.632555365036103,50000.0,-4.632555365036103
Rob Bresnahan,B001327,2025-02-13,2025-01-13,NVR,Sale,"$1,001 - $15,000",Representatives,1001.0,R,2025-02-14,ST,,2025-Q1,7814.0,7314.43994140625,6.393141266876759,15000.0,6.393141266876759
Rob Bresnahan,B001327,2025-02-13,2025-01-13,ZS,Sale,"$1,001 - $15,000",Representatives,1001.0,R,2025-02-14,ST,,2025-Q1,187.8699951171875,209.4499969482422,-11.486667584993416,15000.0,-11.486667584993416
Rob Bresnahan,B001327,2025-02-13,2025-01-13,SAIA,Sale,"$1,001 - $15,000",Representatives,1001.0,R,2025-02-14,ST,,2025-Q1,447.3399963378906,376.0,15.94760068894112,15000.0,15.94760068894112
Rob Bresnahan,B001327,2025-02-13,2025-01-13,MEDP,Sale,"$1,001 - $15,000",Representatives,1001.0,R,2025-02-14,ST,,2025-Q1,350.1600036621094,316.6099853515625,9.58133937619024,15000.0,9.58133937619024
Rob Bresnahan,B001327,2025-02-13,2025-01-13,UNH,Sale,"$1,001 - $15,000",Representatives,1001.0,R,2025-02-14,ST,,2025-Q1,532.763141030819,515.719970703125,3.199014536688479,15000.0,3.199014536688479
Rob Bresnahan,B001327,2025-02-13,2025-01-13,ANET,Sale,"$1,001 - $15,000",Representatives,1001.0,R,2025-02-14,ST,,2025-Q1,110.11000061035156,78.95999908447266,28.28989315521851,15000.0,28.28989315521851
Rob Bresnahan,B001327,2025-02-13,2025-01-13,ADBE,Sale,"$1,001 - $15,000",Representatives,1001.0,R,2025-02-14,ST,,2025-Q1,404.2699890136719,396.1499938964844,2.008557483329017,15000.0,2.008557483329017
Rob Bresnahan,B001327,2025-02-13,2025-01-13,CELH,Sale,"$1,001 - $15,000",Representatives,1001.0,R,2025-02-14,ST,,2025-Q1,26.3700008392334,35.150001525878906,-33.295412996660154,15000.0,-33.295412996660154
Rob Bresnahan,B001327,2025-02-13,2025-01-13,CVX,Sale,"$1,001 - $15,000",Representatives,1001.0,R,2025-02-14,ST,,2025-Q1,152.40952551683193,166.64999389648438,-9.343555352831109,15000.0,-9.343555352831109
Rob Bresnahan,B001327,2025-02-13,2025-01-13,IR,Sale,"$1,001 - $15,000",Representatives,1001.0,R,2025-02-14,ST,,2025-Q1,86.10884840121398,81.30000305175781,5.584612311907736,15000.0,5.584612311907736
Rob Bresnahan,B001327,2025-02-13,2025-01-13,AXON,Sale,"$1,001 - $15,000",Representatives,1001.0,R,2025-02-14,ST,,2025-Q1,561.4000244140625,550.6500244140625,1.9148556345753385,15000.0,1.9148556345753385
Rob Bresnahan,B001327,2025-02-13,2025-01-13,LIN,Sale,"$1,001 - $15,000",Representatives,1001.0,R,2025-02-14,ST,,2025-Q1,414.4076366830292,464.7300109863281,-12.143206313977595,15000.0,-12.143206313977595
Rob Bresnahan,B001327,2025-02-13,2025-01-13,MSCI,Sale,"$1,001 - $15,000",Representatives,1001.0,R,2025-02-14,ST,,2025-Q1,572.1946402361837,565.77001953125,1.1228033702450937,15000.0,1.1228033702450937
Rob Bresnahan,B001327,2025-02-13,2025-01-13,CHDN,Sale,"$1,001 - $15,000",Representatives,1001.0,R,2025-02-14,ST,,2025-Q1,126.58000183105467,112.4000015258789,11.202401722273407,15000.0,11.202401722273407
Rob Bresnahan,B001327,2025-02-13,2025-01-13,PSTG,Sale,"$1,001 - $15,000",Representatives,1001.0,R,2025-02-14,ST,,2025-Q1,62.84999847412109,48.43999862670898,22.927605723563417,15000.0,22.927605723563417
Rob Bresnahan,B001327,2025-02-13,2025-01-13,ANSS,Sale,"$1,001 - $15,000",Representatives,1001.0,R,2025-02-14,ST,,2025-Q1,336.6199951171875,322.0899963378906,4.316439602537142,15000.0,4.316439602537142
Rob Bresnahan,B001327,2025-02-13,2025-01-13,PANW,Sale,"$1,001 - $15,000",Representatives,1001.0,R,2025-02-14,ST,,2025-Q1,169.77000427246094,174.44000244140625,-2.7507793199147907,15000.0,-2.7507793199147907
Rob Bresnahan,B001327,2025-02-13,2025-01-13,MSFT,Sale,"$1,001 - $15,000",Representatives,1001.0,R,2025-02-14,ST,,2025-Q1,414.4090535363967,390.5799865722656,5.7501318469718745,15000.0,5.7501318469718745
Rob Bresnahan,B001327,2025-02-13,2025-01-13,URI,Sale,"$1,001 - $15,000",Representatives,1001.0,R,2025-02-14,ST,,2025-Q1,665.4144103188423,645.9199829101562,2.929667152736452,15000.0,2.929667152736452
Rob Bresnahan,B001327,2025-02-13,2025-01-13,LW,Sale,"$1,001 - $15,000",Representatives,1001.0,R,2025-02-14,ST,,2025-Q1,60.63378115435437,53.900001525878906,11.10565678121475,15000.0,11.10565678121475
Rob Bresnahan,B001327,2025-02-13,2025-01-13,GPK,Sale,"$1,001 - $15,000",Representatives,1001.0,R,2025-02-14,ST,,2025-Q1,25.950628829964145,26.059999465942383,-0.4214565924196606,15000.0,-0.4214565924196606
Rob Bresnahan,B001327,2025-02-13,2025-01-13,HQY,Sale,"$1,001 - $15,000",Representatives,1001.0,R,2025-02-14,ST,,2025-Q1,99.81999969482422,88.83000183105469,11.009815565386518,15000.0,11.009815565386518
Rob Bresnahan,B001327,2025-02-13,2025-01-13,IBP,Sale,"$1,001 - $15,000",Representatives,1001.0,R,2025-02-14,ST,,2025-Q1,168.9206663131432,172.2899932861328,-1.9946209345063832,15000.0,-1.9946209345063832
Rob Bresnahan,B001327,2025-02-13,2025-01-13,CRM,Sale,"$1,001 - $15,000",Representatives,1001.0,R,2025-02-14,ST,,2025-Q1,314.6000061035156,277.8099975585937,11.694217365277652,15000.0,11.694217365277652
Rob Bresnahan,B001327,2025-02-13,2025-01-13,SNPS,Sale,"$1,001 - $15,000",Representatives,1001.0,R,2025-02-14,ST,,2025-Q1,489.0799865722656,446.2300109863281,8.76134308546401,15000.0,8.76134308546401
Rob Bresnahan,B001327,2025-02-13,2025-01-13,SMCI,Sale,"$1,001 - $15,000",Representatives,1001.0,R,2025-02-14,ST,,2025-Q1,30.84000015258789,34.720001220703125,-12.581066954987191,15000.0,-12.581066954987191
Rob Bresnahan,B001327,2025-02-13,2025-01-13,CI,Sale,"$1,001 - $15,000",Representatives,1001.0,R,2025-02-14,ST,,2025-Q1,279.93468116446627,324.739990234375,-16.00562991463886,15000.0,-16.00562991463886
Rob Bresnahan,B001327,2025-02-13,2025-01-13,BRO,Sale,"$1,001 - $15,000",Representatives,1001.0,R,2025-02-14,ST,,2025-Q1,100.89689873629342,122.9000015258789,-21.80751149457361,15000.0,-21.80751149457361
Rob Bresnahan,B001327,2025-02-13,2025-01-13,GOOG,Sale,"$1,001 - $15,000",Representatives,1001.0,R,2025-02-14,ST,,2025-Q1,191.13224951636064,164.0800018310547,14.153680372495344,15000.0,14.153680372495344
Rob Bresnahan,B001327,2025-02-13,2025-01-13,PWR,Sale,"$1,001 - $15,000",Representatives,1001.0,R,2025-02-14,ST,,2025-Q1,308.70001220703125,254.8800048828125,17.434404015547653,15000.0,17.434404015547653
Rob Bresnahan,B001327,2025-02-13,2025-01-13,LULU,Sale,"$1,001 - $15,000",Representatives,1001.0,R,2025-02-14,ST,,2025-Q1,401.9200134277344,341.5299987792969,15.02538132734604,15000.0,15.02538132734604
Rob Bresnahan,B001327,2025-02-13,2025-01-13,MA,Sale,"$1,001 - $15,000",Representatives,1001.0,R,2025-02-14,ST,,2025-Q1,501.0,557.5700073242188,-11.291418627588572,15000.0,-11.291418627588572
Rob Bresnahan,B001327,2025-02-13,2025-01-13,ACN,Sale,"$1,001 - $15,000",Representatives,1001.0,R,2025-02-14,ST,,2025-Q1,345.1300048828125,308.5299987792969,10.604701296817996,15000.0,10.604701296817996
Rob Bresnahan,B001327,2025-02-13,2025-01-13,ELV,Sale,"$1,001 - $15,000",Representatives,1001.0,R,2025-02-14,ST,,2025-Q1,383.4120376804785,431.9500122070313,-12.659481121195906,15000.0,-12.659481121195906
Rob Bresnahan,B001327,2025-02-13,2025-01-13,RCL,Sale,"$1,001 - $15,000",Representatives,1001.0,R,2025-02-14,ST,,2025-Q1,222.17420989696888,217.2400054931641,2.220871813201452,15000.0,2.220871813201452
Rob Bresnahan,B001327,2025-02-13,2025-01-13,ELF,Sale,"$1,001 - $15,000",Representatives,1001.0,R,2025-02-14,ST,,2025-Q1,125.9000015258789,65.16000366210938,48.24463632058364,15000.0,48.24463632058364
Rob Bresnahan,B001327,2025-02-13,2025-01-13,AAON,Sale,"$1,001 - $15,000",Representatives,1001.0,R,2025-02-14,ST,,2025-Q1,120.2944776798658,80.23999786376953,33.29702292959069,15000.0,33.29702292959069
Rob Bresnahan,B001327,2025-02-13,2025-01-13,BAH,Sale,"$1,001 - $15,000",Representatives,1001.0,R,2025-02-14,ST,,2025-Q1,131.24477870459094,105.86000061035156,19.34155274197694,15000.0,19.34155274197694
Rob Bresnahan,B001327,2025-02-13,2025-01-13,BR,Sale,"$1,001 - $15,000",Representatives,1001.0,R,2025-02-14,ST,,2025-Q1,220.42493879314048,238.88999938964844,-8.377028796109439,15000.0,-8.377028796109439
Rob Bresnahan,B001327,2025-02-13,2025-01-13,PAYX,Sale,"$1,001 - $15,000",Representatives,1001.0,R,2025-02-14,ST,,2025-Q1,137.8236794973103,151.8300018310547,-10.162493400865646,15000.0,-10.162493400865646
Rob Bresnahan,B001327,2025-02-13,2025-01-13,PCAR,Sale,"$1,001 - $15,000",Representatives,1001.0,R,2025-02-14,ST,,2025-Q1,106.35813396722152,98.19000244140624,7.679837188881685,15000.0,7.679837188881685
Rob Bresnahan,B001327,2025-02-13,2025-01-13,PFGC,Sale,"$1,001 - $15,000",Representatives,1001.0,R,2025-02-14,ST,,2025-Q1,84.16999816894531,78.0,7.330400740369441,15000.0,7.330400740369441
Rob Bresnahan,B001327,2025-02-13,2025-01-13,MPWR,Sale,"$1,001 - $15,000",Representatives,1001.0,R,2025-02-14,ST,,2025-Q1,578.469970703125,601.4400024414062,-3.970825263472429,15000.0,-3.970825263472429
Rob Bresnahan,B001327,2025-02-13,2025-01-13,RMD,Sale,"$1,001 - $15,000",Representatives,1001.0,R,2025-02-14,ST,,2025-Q1,231.00138894667347,222.6199951171875,3.628287201087268,15000.0,3.628287201087268
Rob Bresnahan,B001327,2025-02-13,2025-01-13,NTNX,Sale,"$1,001 - $15,000",Representatives,1001.0,R,2025-02-14,ST,,2025-Q1,61.54999923706055,71.95999908447266,-16.913078759461673,15000.0,-16.913078759461673
Rob Bresnahan,B001327,2025-02-13,2025-01-13,WMS,Sale,"$1,001 - $15,000",Representatives,1001.0,R,2025-02-14,ST,,2025-Q1,111.66987747222522,111.19000244140624,0.4297264774364326,15000.0,0.4297264774364326
Rob Bresnahan,B001327,2025-02-13,2025-01-13,FTNT,Sale,"$1,001 - $15,000",Representatives,1001.0,R,2025-02-14,ST,,2025-Q1,93.97000122070312,99.54000091552734,-5.927423244086387,15000.0,-5.927423244086387
Rob Bresnahan,B001327,2025-02-13,2025-01-13,DECK,Sale,"$1,001 - $15,000",Representatives,1001.0,R,2025-02-14,ST,,2025-Q1,203.82000732421875,116.9499969482422,42.6209436043202,15000.0,42.6209436043202
Rob Bresnahan,B001327,2025-02-13,2025-01-13,NOW,Sale,"$1,001 - $15,000",Representatives,1001.0,R,2025-02-14,ST,,2025-Q1,1011.1300048828124,827.739990234375,18.137135063031977,15000.0,18.137135063031977
Rob Bresnahan,B001327,2025-02-13,2025-01-13,EME,Sale,"$1,001 - $15,000",Representatives,1001.0,R,2025-02-14,ST,,2025-Q1,459.7809383176749,379.3299865722656,17.497670094757943,15000.0,17.497670094757943
Rob Bresnahan,B001327,2025-02-13,2025-01-13,CLH,Sale,"$1,001 - $15,000",Representatives,1001.0,R,2025-02-14,ST,,2025-Q1,227.25999450683597,199.42999267578125,12.245886871310985,15000.0,12.245886871310985
Rob Bresnahan,B001327,2025-02-13,2025-01-13,WAB,Sale,"$1,001 - $15,000",Representatives,1001.0,R,2025-02-14,ST,,2025-Q1,187.00632409767212,186.9199981689453,0.04616203710937,15000.0,0.04616203710937
Rob Bresnahan,B001327,2025-02-13,2025-01-13,HEI,Sale,"$1,001 - $15,000",Representatives,1001.0,R,2025-02-14,ST,,2025-Q1,223.33999633789065,268.6300048828125,-20.278503307756264,15000.0,-20.278503307756264
Rob Bresnahan,B001327,2025-02-13,2025-01-13,INTU,Sale,"$1,001 - $15,000",Representatives,1001.0,R,2025-02-14,ST,,2025-Q1,620.3800048828125,615.2999877929688,0.8188557093814374,15000.0,0.8188557093814374
Rob Bresnahan,B001327,2025-02-13,2025-01-13,BERY,Sale,"$1,001 - $15,000",Representatives,1001.0,R,2025-02-14,ST,,2025-Q1,64.8104112468739,69.98999786376953,-7.991905185056929,15000.0,-7.991905185056929
Tommy Tuberville,T000278,2025-02-14,2025-01-10,AAPL,Sale (Full),"$15,001 - $50,000",Senate,15001.0,R,2025-02-14,Stock,,2025-Q1,239.7463920626497,223.8500061035156,-6.630500597890161,50000.0,6.630500597890161
Tommy Tuberville,T000278,2025-02-14,2025-01-10,TSCO,Sale (Full),"$15,001 - $50,000",Senate,15001.0,R,2025-02-14,Stock,,2025-Q1,54.02117597932136,54.15999984741211,0.2569804628908735,50000.0,-0.2569804628908735
Tommy Tuberville,T000278,2025-02-14,2025-01-10,DEO,Sale (Full),"$15,001 - $50,000",Senate,15001.0,R,2025-02-14,Stock,,2025-Q1,120.42704697398013,105.5199966430664,-12.378490302211407,50000.0,12.378490302211407
Tommy Tuberville,T000278,2025-02-14,2025-01-10,TXN,Sale (Full),"$15,001 - $50,000",Senate,15001.0,R,2025-02-14,Stock,,2025-Q1,191.4939305759985,180.75999450683597,-5.605366205015352,50000.0,5.605366205015352
Tommy Tuberville,T000278,2025-02-14,2025-01-10,CARR,Sale (Full),"$1,001 - $15,000",Senate,1001.0,R,2025-02-14,Stock,,2025-Q1,67.6500015258789,65.66999816894531,-2.9268341644843288,15000.0,2.9268341644843288
Tommy Tuberville,T000278,2025-02-14,2025-01-10,MSFT,Sale (Full),"$15,001 - $50,000",Senate,15001.0,R,2025-02-14,Stock,,2025-Q1,423.7802594986814,390.5799865722656,-7.834313227730487,50000.0,7.834313227730487
Markwayne Mullin,M001190,2025-01-31,2025-01-08,ABT,Sale (Full),"$1,001 - $15,000",Senate,1001.0,R,2025-02-01,Stock,,2025-Q1,112.94728704195784,131.35000610351562,16.293192641910487,15000.0,-16.293192641910487
Markwayne Mullin,M001190,2025-01-31,2025-01-08,EZU,Sale (Partial),"$15,001 - $50,000",Senate,15001.0,R,2025-02-01,Stock,,2025-Q1,47.65999984741211,54.20000076293945,13.722200873826608,50000.0,-13.722200873826608
Markwayne Mullin,M001190,2025-01-31,2025-01-08,IEFA,Sale (Partial),"$15,001 - $50,000",Senate,15001.0,R,2025-02-01,Stock,,2025-Q1,70.58000183105469,77.0999984741211,9.237739407648547,50000.0,-9.237739407648547
Thomas H. Kean Jr,K000398,2025-02-19,2025-01-07,CCK,Purchase,"$1,001 - $15,000",Representatives,1001.0,R,2025-02-20,ST,,2025-Q1,80.06846706172935,89.83000183105469,12.191484522614394,15000.0,12.191484522614394
Markwayne Mullin,M001190,2025-01-31,2025-01-02,PRMB,Purchase,"$15,001 - $50,000",Senate,15001.0,R,2025-02-01,Stock,,2025-Q1,30.69490974063441,34.45000076293945,12.233595257437711,50000.0,12.233595257437711
Markwayne Mullin,M001190,2025-01-31,2025-01-02,AIT,Purchase,"$15,001 - $50,000",Senate,15001.0,R,2025-02-01,Stock,,2025-Q1,242.4154720932033,232.22000122070312,-4.205783890138931,50000.0,-4.205783890138931
Markwayne Mullin,M001190,2025-01-31,2025-01-02,COHR,Purchase,"$15,001 - $50,000",Senate,15001.0,R,2025-02-01,Stock,,2025-Q1,95.87000274658205,67.9000015258789,-29.174924814217047,50000.0,-29.174924814217047
Markwayne Mullin,M001190,2025-01-31,2025-01-02,CRDO,Purchase,"$15,001 - $50,000",Senate,15001.0,R,2025-02-01,Stock,,2025-Q1,68.66000366210938,42.43000030517578,-38.20274098151389,50000.0,-38.20274098151389
Markwayne Mullin,M001190,2025-01-31,2025-01-02,WAB,Purchase,"$15,001 - $50,000",Senate,15001.0,R,2025-02-01,Stock,,2025-Q1,191.3107164972521,186.9199981689453,-2.2950718123361447,50000.0,-2.2950718123361447
Markwayne Mullin,M001190,2025-01-31,2025-01-02,AIT,Purchase,"$15,001 - $50,000",Senate,15001.0,R,2025-02-01,Stock,,2025-Q1,242.4154720932033,232.22000122070312,-4.205783890138931,50000.0,-4.205783890138931
Markwayne Mullin,M001190,2025-01-31,2025-01-02,DELL,Purchase,"$15,001 - $50,000",Senate,15001.0,R,2025-02-01,Stock,,2025-Q1,114.80020182496828,97.0999984741211,-15.418268495585094,50000.0,-15.418268495585094
Markwayne Mullin,M001190,2025-01-31,2025-01-02,LRN,Purchase,"$15,001 - $50,000",Senate,15001.0,R,2025-02-01,Stock,,2025-Q1,104.48999786376952,128.55999755859375,23.03569737479166,50000.0,23.03569737479166
Markwayne Mullin,M001190,2025-01-31,2025-01-02,COHR,Purchase,"$15,001 - $50,000",Senate,15001.0,R,2025-02-01,Stock,,2025-Q1,95.87000274658205,67.9000015258789,-29.174924814217047,50000.0,-29.174924814217047
Markwayne Mullin,M001190,2025-01-31,2025-01-02,DELL,Purchase,"$15,001 - $50,000",Senate,15001.0,R,2025-02-01,Stock,,2025-Q1,114.80020182496828,97.0999984741211,-15.418268495585094,50000.0,-15.418268495585094
Markwayne Mullin,M001190,2025-01-31,2025-01-02,MTZ,Purchase,"$15,001 - $50,000",Senate,15001.0,R,2025-02-01,Stock,,2025-Q1,136.58999633789062,118.79000091552734,-13.031697708176518,50000.0,-13.031697708176518
Markwayne Mullin,M001190,2025-01-31,2025-01-02,MTZ,Purchase,"$15,001 - $50,000",Senate,15001.0,R,2025-02-01,Stock,,2025-Q1,136.58999633789062,118.79000091552734,-13.031697708176518,50000.0,-13.031697708176518
Markwayne Mullin,M001190,2025-01-31,2025-01-02,PRMB,Purchase,"$15,001 - $50,000",Senate,15001.0,R,2025-02-01,Stock,,2025-Q1,30.69490974063441,34.45000076293945,12.233595257437711,50000.0,12.233595257437711
Markwayne Mullin,M001190,2025-01-31,2025-01-02,CRDO,Purchase,"$15,001 - $50,000",Senate,15001.0,R,2025-02-01,Stock,,2025-Q1,68.66000366210938,42.43000030517578,-38.20274098151389,50000.0,-38.20274098151389
Markwayne Mullin,M001190,2025-01-31,2025-01-02,WAB,Purchase,"$15,001 - $50,000",Senate,15001.0,R,2025-02-01,Stock,,2025-Q1,191.3107164972521,186.9199981689453,-2.2950718123361447,50000.0,-2.2950718123361447
Markwayne Mullin,M001190,2025-01-31,2025-01-02,GS,Purchase,"$15,001 - $50,000",Senate,15001.0,R,2025-02-01,Stock,,2025-Q1,576.451546719564,558.9199829101562,-3.041290097871251,50000.0,-3.041290097871251
Markwayne Mullin,M001190,2025-01-31,2025-01-02,GS,Purchase,"$15,001 - $50,000",Senate,15001.0,R,2025-02-01,Stock,,2025-Q1,576.451546719564,558.9199829101562,-3.041290097871251,50000.0,-3.041290097871251
Markwayne Mullin,M001190,2025-01-31,2025-01-02,LRN,Purchase,"$15,001 - $50,000",Senate,15001.0,R,2025-02-01,Stock,,2025-Q1,104.48999786376952,128.55999755859375,23.03569737479166,50000.0,23.03569737479166
Markwayne Mullin,M001190,2025-01-31,2025-01-02,IRM,Purchase,"$15,001 - $50,000",Senate,15001.0,R,2025-02-01,Stock,,2025-Q1,104.31597471577936,85.51000213623047,-18.027893264466805,50000.0,-18.027893264466805
Markwayne Mullin,M001190,2025-01-31,2025-01-02,IRM,Purchase,"$15,001 - $50,000",Senate,15001.0,R,2025-02-01,Stock,,2025-Q1,104.31597471577936,85.51000213623047,-18.027893264466805,50000.0,-18.027893264466805
Nancy Pelosi,P000197,2025-01-17,2024-12-31,AAPL,Sale,"$5,000,001 - $25,000,000",Representatives,5000001.0,D,2025-01-20,ST,"SOLD 31,600 SHARES.",2024-Q4,252.16275955239965,223.8500061035156,11.227967801090236,25000000.0,11.227967801090236
Nancy Pelosi,P000197,2025-01-17,2024-12-31,NVDA,Sale,"$1,000,001 - $5,000,000",Representatives,1000001.0,D,2025-01-20,ST,"SOLD 10,000 SHARES.",2024-Q4,138.0173106258272,111.43000030517578,19.26375046730996,5000000.0,19.26375046730996
Thomas H. Kean Jr,K000398,2025-01-22,2024-12-27,CP,Purchase,"$1,001 - $15,000",Representatives,1001.0,R,2025-01-23,ST,,2024-Q4,72.72000122070312,71.55000305175781,-1.6089083461294251,15000.0,-1.6089083461294251
Thomas H. Kean Jr,K000398,2025-01-22,2024-12-27,PRNDY,Purchase,"$1,001 - $15,000",Representatives,1001.0,R,2025-01-23,ST,,2024-Q4,22.63999938964844,19.790000915527344,-12.588332822235776,15000.0,-12.588332822235776
Markwayne Mullin,M001190,2025-01-03,2024-12-26,CFSSX,Purchase,"$100,001 - $250,000",Senate,100001.0,R,2025-01-04,Stock,,2024-Q4,11.899999618530272,10.779999732971191,-9.411764045900108,250000.0,-9.411764045900108
Markwayne Mullin,M001190,2025-01-03,2024-12-26,VNQ,Purchase,"$1,001 - $15,000",Senate,1001.0,R,2025-01-04,Stock,,2024-Q4,88.26331877829048,89.83000183105469,1.775010360418887,15000.0,1.775010360418887
Markwayne Mullin,M001190,2025-01-03,2024-12-26,IEMG,Purchase,"$50,001 - $100,000",Senate,50001.0,R,2025-01-04,Stock,,2024-Q4,52.86000061035156,55.06999969482422,4.18085330865447,100000.0,4.18085330865447
Markwayne Mullin,M001190,2025-01-03,2024-12-26,PDBC,Sale (Full),"$250,001 - $500,000",Senate,250001.0,R,2025-01-04,Stock,,2024-Q4,12.84000015258789,13.510000228881836,5.218069068004703,500000.0,-5.218069068004703
Markwayne Mullin,M001190,2025-01-03,2024-12-26,GICIX,Purchase,"$50,001 - $100,000",Senate,50001.0,R,2025-01-04,Stock,,2024-Q4,12.289999961853027,13.350000381469728,8.624901732358325,100000.0,8.624901732358325
Markwayne Mullin,M001190,2025-01-03,2024-12-26,PCLPX,Purchase,"$250,001 - $500,000",Senate,250001.0,R,2025-01-04,Stock,,2024-Q4,6.356403350830078,6.659999847412109,4.776230830952299,500000.0,4.776230830952299
Nancy Pelosi,P000197,2025-01-17,2024-12-20,NVDA,Purchase,"$500,001 - $1,000,000",Representatives,500001.0,D,2025-01-20,ST,"EXERCISED 500 CALL OPTIONS PURCHASED 11/22/23 (50,000 SHARES) AT A STRIKE PRICE OF $12 WITH AN EXPIRATION DATE",2024-Q4,129.7980572196654,111.43000030517578,-14.15125719748193,1000000.0,-14.15125719748193
Nancy Pelosi,P000197,2025-01-17,2024-12-20,PANW,Purchase,"$1,000,001 - $5,000,000",Representatives,1000001.0,D,2025-01-20,ST,"EXERCISED 140 CALL OPTIONS PURCHASED 2/12/24 & 2/21/24 (14,000 SHARES) AT A STRIKE PRICE OF $100 WITH AN",2024-Q4,186.5800018310547,174.44000244140625,-6.5065919554663845,5000000.0,-6.5065919554663845
Thomas H. Kean Jr,K000398,2025-01-22,2024-12-19,GOOG,Sale,"$1,001 - $15,000",Representatives,1001.0,R,2025-01-23,ST,,2024-Q4,193.06005888438943,164.0800018310547,15.010902421141878,15000.0,15.010902421141878
Markwayne Mullin,M001190,2024-12-31,2024-12-18,CYBR,Sale (Full),"$15,001 - $50,000",Senate,15001.0,R,2025-01-01,Stock,,2024-Q4,318.69000244140625,341.2099914550781,7.066424688930227,50000.0,-7.066424688930227
Markwayne Mullin,M001190,2024-12-31,2024-12-18,FRPT,Sale (Full),"$15,001 - $50,000",Senate,15001.0,R,2025-01-01,Stock,,2024-Q4,146.27000427246094,86.6500015258789,-40.76023860334775,50000.0,40.76023860334775
Markwayne Mullin,M001190,2024-12-31,2024-12-18,ELF,Sale (Full),"$1,001 - $15,000",Senate,1001.0,R,2025-01-01,Stock,,2024-Q4,135.11000061035156,65.16000366210938,-51.772627216525166,15000.0,51.772627216525166
Markwayne Mullin,M001190,2024-12-31,2024-12-18,LRN,Sale (Full),"$1,001 - $15,000",Senate,1001.0,R,2025-01-01,Stock,,2024-Q4,108.36000061035156,128.55999755859375,18.641562231878112,15000.0,-18.641562231878112
Markwayne Mullin,M001190,2024-12-31,2024-12-18,LRN,Sale (Full),"$15,001 - $50,000",Senate,15001.0,R,2025-01-01,Stock,,2024-Q4,108.36000061035156,128.55999755859375,18.641562231878112,50000.0,-18.641562231878112
Markwayne Mullin,M001190,2024-12-31,2024-12-18,GS,Sale (Full),"$15,001 - $50,000",Senate,15001.0,R,2025-01-01,Stock,,2024-Q4,574.6405566455504,558.9199829101562,-2.7357229756219468,50000.0,2.7357229756219468
Markwayne Mullin,M001190,2024-12-31,2024-12-18,BMI,Sale (Full),"$1,001 - $15,000",Senate,1001.0,R,2025-01-01,Stock,,2024-Q4,228.54587896425448,193.1999969482422,-15.465552114173336,15000.0,15.465552114173336
Markwayne Mullin,M001190,2024-12-31,2024-12-18,AXON,Sale (Full),"$15,001 - $50,000",Senate,15001.0,R,2025-01-01,Stock,,2024-Q4,637.0,550.6500244140625,-13.55572615163854,50000.0,13.55572615163854
Markwayne Mullin,M001190,2024-12-31,2024-12-18,SFM,Sale (Full),"$15,001 - $50,000",Senate,15001.0,R,2025-01-01,Stock,,2024-Q4,138.24000549316406,148.30999755859375,7.28442684120672,50000.0,-7.28442684120672
Markwayne Mullin,M001190,2024-12-31,2024-12-18,ETN,Sale (Full),"$15,001 - $50,000",Senate,15001.0,R,2025-01-01,Stock,,2024-Q4,349.0,280.9100036621094,-19.51002760398012,50000.0,19.51002760398012
Markwayne Mullin,M001190,2024-12-31,2024-12-18,AXON,Sale (Full),"$15,001 - $50,000",Senate,15001.0,R,2025-01-01,Stock,,2024-Q4,637.0,550.6500244140625,-13.55572615163854,50000.0,13.55572615163854
Markwayne Mullin,M001190,2024-12-31,2024-12-18,BMI,Sale (Full),"$15,001 - $50,000",Senate,15001.0,R,2025-01-01,Stock,,2024-Q4,228.54587896425448,193.1999969482422,-15.465552114173336,50000.0,15.465552114173336
Markwayne Mullin,M001190,2024-12-31,2024-12-18,CYBR,Sale (Full),"$1,001 - $15,000",Senate,1001.0,R,2025-01-01,Stock,,2024-Q4,318.69000244140625,341.2099914550781,7.066424688930227,15000.0,-7.066424688930227
Markwayne Mullin,M001190,2024-12-31,2024-12-18,GS,Sale (Full),"$1,001 - $15,000",Senate,1001.0,R,2025-01-01,Stock,,2024-Q4,574.6405566455504,558.9199829101562,-2.7357229756219468,15000.0,2.7357229756219468
Markwayne Mullin,M001190,2024-12-31,2024-12-18,SFM,Sale (Full),"$15,001 - $50,000",Senate,15001.0,R,2025-01-01,Stock,,2024-Q4,138.24000549316406,148.30999755859375,7.28442684120672,50000.0,-7.28442684120672
Markwayne Mullin,M001190,2024-12-31,2024-12-18,ETN,Sale (Full),"$1,001 - $15,000",Senate,1001.0,R,2025-01-01,Stock,,2024-Q4,349.0,280.9100036621094,-19.51002760398012,15000.0,19.51002760398012
Markwayne Mullin,M001190,2024-12-31,2024-12-18,OLLI,Sale (Full),"$15,001 - $50,000",Senate,15001.0,R,2025-01-01,Stock,,2024-Q4,118.16000366210938,113.06999969482422,-4.3077215720478,50000.0,4.3077215720478
Markwayne Mullin,M001190,2024-12-31,2024-12-18,OLLI,Sale (Full),"$15,001 - $50,000",Senate,15001.0,R,2025-01-01,Stock,,2024-Q4,118.16000366210938,113.06999969482422,-4.3077215720478,50000.0,4.3077215720478
Markwayne Mullin,M001190,2024-12-31,2024-12-18,FRPT,Sale (Full),"$15,001 - $50,000",Senate,15001.0,R,2025-01-01,Stock,,2024-Q4,146.27000427246094,86.6500015258789,-40.76023860334775,50000.0,40.76023860334775
Markwayne Mullin,M001190,2024-12-31,2024-12-18,ELF,Sale (Full),"$1,001 - $15,000",Senate,1001.0,R,2025-01-01,Stock,,2024-Q4,135.11000061035156,65.16000366210938,-51.772627216525166,15000.0,51.772627216525166
Thomas H. Kean Jr,K000398,2025-01-22,2024-12-16,BEN,Sale,"$1,001 - $15,000",Representatives,1001.0,R,2025-01-23,ST,,2024-Q4,21.60017426870136,19.850000381469727,8.1025915136603,15000.0,8.1025915136603
Thomas H. Kean Jr,K000398,2025-01-22,2024-12-16,PLD,Purchase,"$1,001 - $15,000",Representatives,1001.0,R,2025-01-23,ST,,2024-Q4,109.3265364563508,110.75,1.3020293057738377,15000.0,1.3020293057738377
Thomas H. Kean Jr,K000398,2025-01-22,2024-12-16,ABT,Purchase,"$1,001 - $15,000",Representatives,1001.0,R,2025-01-23,ST,,2024-Q4,112.11167347378826,131.35000610351562,17.159972760753853,15000.0,17.159972760753853
Thomas H. Kean Jr,K000398,2025-01-22,2024-12-13,ADI,Purchase,"$1,001 - $15,000",Representatives,1001.0,R,2025-01-23,ST,,2024-Q4,214.47684755653293,208.94000244140625,-2.581558419105004,15000.0,-2.581558419105004
Markwayne Mullin,M001190,2024-12-31,2024-12-11,AMAT,Purchase,"$15,001 - $50,000",Senate,15001.0,R,2025-01-01,Stock,,2024-Q4,169.3399482436756,147.67999267578125,-12.790812677423435,50000.0,-12.790812677423435
Markwayne Mullin,M001190,2024-12-31,2024-12-11,PEP,Sale (Full),"$15,001 - $50,000",Senate,15001.0,R,2025-01-01,Stock,,2024-Q4,158.80592665719934,149.6699981689453,-5.752888875473121,50000.0,5.752888875473121
Markwayne Mullin,M001190,2024-12-31,2024-12-11,ABT,Sale (Partial),"$15,001 - $50,000",Senate,15001.0,R,2025-01-01,Stock,,2024-Q4,114.70804170244664,131.35000610351562,14.508106104921875,50000.0,-14.508106104921875
Markwayne Mullin,M001190,2024-12-19,2024-11-27,IEFA,Purchase,"$100,001 - $250,000",Senate,100001.0,R,2024-12-20,Stock,,2024-Q4,71.40049296081557,77.0999984741211,7.982445606409749,250000.0,7.982445606409749
Markwayne Mullin,M001190,2024-12-19,2024-11-27,IEMG,Purchase,"$1,001 - $15,000",Senate,1001.0,R,2024-12-20,Stock,,2024-Q4,53.1882364634665,55.06999969482422,3.5379312353216417,15000.0,3.5379312353216417
Markwayne Mullin,M001190,2024-12-19,2024-11-27,EZU,Purchase,"$100,001 - $250,000",Senate,100001.0,R,2024-12-20,Stock,,2024-Q4,46.78470978231557,54.20000076293945,15.849817205506806,250000.0,15.849817205506806
Morgan Mcgarvey,M001220,2024-12-10,2024-11-13,TSLA,Sale,"$1,001 - $15,000",Representatives,1001.0,D,2024-12-11,ST,,2024-Q4,335.8500061035156,273.1300048828125,18.675003745979264,15000.0,18.675003745979264
Morgan Mcgarvey,M001220,2024-12-10,2024-11-13,IBKR,Sale,"$1,001 - $15,000",Representatives,1001.0,D,2024-12-11,ST,,2024-Q4,178.7559511181355,169.0,5.457693048601233,15000.0,5.457693048601233
Morgan Mcgarvey,M001220,2024-12-10,2024-11-13,SHEL,Sale,"$1,001 - $15,000",Representatives,1001.0,D,2024-12-11,ST,,2024-Q4,63.64646225993998,73.29000091552734,-15.15172770515031,15000.0,-15.15172770515031
Morgan Mcgarvey,M001220,2024-12-10,2024-11-13,NVDA,Sale,"$1,001 - $15,000",Representatives,1001.0,D,2024-12-11,ST,,2024-Q4,149.04601231096433,111.43000030517578,25.237852004592938,15000.0,25.237852004592938
Morgan Mcgarvey,M001220,2024-12-10,2024-11-13,NVDA,Sale,"$1,001 - $15,000",Representatives,1001.0,D,2024-12-11,ST,,2024-Q4,149.04601231096433,111.43000030517578,25.237852004592938,15000.0,25.237852004592938
Morgan Mcgarvey,M001220,2024-12-10,2024-11-13,SCHW,Sale,"$1,001 - $15,000",Representatives,1001.0,D,2024-12-11,ST,,2024-Q4,77.49264470304544,79.5999984741211,-2.719424248780133,15000.0,-2.719424248780133
Morgan Mcgarvey,M001220,2024-12-10,2024-11-13,NVDA,Sale,"$15,001 - $50,000",Representatives,15001.0,D,2024-12-11,ST,,2024-Q4,149.04601231096433,111.43000030517578,25.237852004592938,50000.0,25.237852004592938
Morgan Mcgarvey,M001220,2024-12-10,2024-11-13,NVDA,Sale,"$1,001 - $15,000",Representatives,1001.0,D,2024-12-11,ST,,2024-Q4,149.04601231096433,111.43000030517578,25.237852004592938,15000.0,25.237852004592938
Morgan Mcgarvey,M001220,2024-12-10,2024-11-13,NVDA,Sale,"$1,001 - $15,000",Representatives,1001.0,D,2024-12-11,ST,,2024-Q4,149.04601231096433,111.43000030517578,25.237852004592938,15000.0,25.237852004592938
Morgan Mcgarvey,M001220,2024-12-10,2024-11-13,MSFT,Sale,"$1,001 - $15,000",Representatives,1001.0,D,2024-12-11,ST,,2024-Q4,419.9556581526565,390.5799865722656,6.994946016351239,15000.0,6.994946016351239
Morgan Mcgarvey,M001220,2024-12-10,2024-11-13,AMZN,Sale,"$1,001 - $15,000",Representatives,1001.0,D,2024-12-11,ST,,2024-Q4,209.3999938964844,201.3600006103516,3.839538452951118,15000.0,3.839538452951118
Markwayne Mullin,M001190,2024-12-03,2024-11-12,PCLPX,Sale (Partial),"$15,001 - $50,000",Senate,15001.0,R,2024-12-04,Stock,,2024-Q4,6.210013389587402,6.659999847412109,7.246143117488583,50000.0,-7.246143117488583
Morgan Mcgarvey,M001220,2024-12-10,2024-11-08,DJT,Sale,"$1,001 - $15,000",Representatives,1001.0,D,2024-12-11,ST,SOLD FOR A LOSS,2024-Q4,28.170000076293945,20.31999969482422,27.86652595033459,15000.0,27.86652595033459
Morgan Mcgarvey,M001220,2024-12-10,2024-11-06,DJT,Purchase,"$1,001 - $15,000",Representatives,1001.0,D,2024-12-11,ST,PURCHASED WITHOUT KNOWLEDGE OF FILER OR SPOUSE.,2024-Q4,44.459999084472656,20.31999969482422,-54.29599614652075,15000.0,-54.29599614652075
Tommy Tuberville,T000278,2024-11-15,2024-10-29,TRV,Sale (Full),"$15,001 - $50,000",Senate,15001.0,R,2024-11-15,Stock,,2024-Q4,249.23292921349775,262.67999267578125,5.395379938244216,50000.0,-5.395379938244216
Tommy Tuberville,T000278,2024-11-15,2024-10-29,ADBE,Sale (Full),"$15,001 - $50,000",Senate,15001.0,R,2024-11-15,Stock,,2024-Q4,481.9200134277344,396.1499938964844,-17.797563317861982,50000.0,17.797563317861982
Tommy Tuberville,T000278,2024-11-15,2024-10-29,CTVA,Sale (Full),"$1,001 - $15,000",Senate,1001.0,R,2024-11-15,Stock,,2024-Q4,60.579667662724994,62.43999862670898,3.070883409828712,15000.0,-3.070883409828712
Tommy Tuberville,T000278,2024-11-15,2024-10-29,MSFT,Sale (Full),"$15,001 - $50,000",Senate,15001.0,R,2024-11-15,Stock,,2024-Q4,426.29025434116863,390.5799865722656,-8.376984321185857,50000.0,8.376984321185857
Tommy Tuberville,T000278,2024-11-15,2024-10-29,HON,Sale (Full),"$15,001 - $50,000",Senate,15001.0,R,2024-11-15,Stock,,2024-Q4,202.939495818398,214.1699981689453,5.533916552447245,50000.0,-5.533916552447245
Tommy Tuberville,T000278,2024-11-15,2024-10-29,JNJ,Sale (Full),"$15,001 - $50,000",Senate,15001.0,R,2024-11-15,Stock,,2024-Q4,158.90283205037647,163.1300048828125,2.660224980191604,50000.0,-2.660224980191604
Tommy Tuberville,T000278,2024-11-15,2024-10-29,MCD,Sale (Full),"$15,001 - $50,000",Senate,15001.0,R,2024-11-15,Stock,,2024-Q4,294.1222961540129,312.69000244140625,6.312920349863808,50000.0,-6.312920349863808
Tommy Tuberville,T000278,2024-11-15,2024-10-29,AAPL,Sale (Full),"$15,001 - $50,000",Senate,15001.0,R,2024-11-15,Stock,,2024-Q4,232.58810476348472,223.8500061035156,-3.756898345620356,50000.0,3.756898345620356
Tommy Tuberville,T000278,2024-11-15,2024-10-29,OC,Sale (Full),"$15,001 - $50,000",Senate,15001.0,R,2024-11-15,Stock,,2024-Q4,179.0572929314708,147.14999389648438,-17.819603163104933,50000.0,17.819603163104933
Markwayne Mullin,M001190,2024-12-03,2024-10-29,HIYS,Purchase,"$250,001 - $500,000",Senate,250001.0,R,2024-12-04,Stock,,2024-Q4,24.937599933756008,25.184999465942383,0.9920743489492344,500000.0,0.9920743489492344
Tommy Tuberville,T000278,2024-11-15,2024-10-29,KMB,Sale (Full),"$15,001 - $50,000",Senate,15001.0,R,2024-11-15,Stock,,2024-Q4,132.38814747546868,140.55999755859375,6.172644786527658,50000.0,-6.172644786527658
Morgan Mcgarvey,M001220,2024-11-13,2024-10-25,TSLA,Purchase,"$1,001 - $15,000",Representatives,1001.0,D,2024-11-14,ST,,2024-Q4,256.010009765625,273.1300048828125,6.687236617373168,15000.0,6.687236617373168
