Ticker,AdjustedReturn,TradeAmount,Transaction,TransactionDate,PercentChange,Quarter,Representative,ProfitLoss
AAON,33.29702292959069,30000.0,"['Sale', 'Sale']","[Timestamp('2025-01-13 00:00:00'), Timestamp('2025-01-13 00:00:00')]","[33.29702292959069, 33.29702292959069]",2025-Q1,Rob Bresnahan,9989.106878877206
ABBV,-1.198943144015666,15000.0,['Purchase'],[Timestamp('2025-02-25 00:00:00')],[-1.198943144015666],2025-Q1,Rob Bresnahan,-179.84147160234988
ABNB,-13.216149222806663,15000.0,['Purchase'],[Timestamp('2025-02-25 00:00:00')],[-13.216149222806663],2025-Q1,Rob Bresnahan,-1982.4223834209995
ACGL,-7.711113823784722,15000.0,['Sale'],[Timestamp('2025-02-25 00:00:00')],[-7.711113823784722],2025-Q1,Rob Bresnahan,-1156.6670735677083
ACN,10.604701296817996,15000.0,['Sale'],[Timestamp('2025-01-13 00:00:00')],[10.604701296817996],2025-Q1,Rob Bresnahan,1590.7051945226995
ADBE,6.339476973107998,30000.0,"['Sale', 'Sale']","[Timestamp('2025-02-25 00:00:00'), Timestamp('2025-01-13 00:00:00')]","[10.67039646288698, 2.008557483329017]",2025-Q1,Rob Bresnahan,1901.8430919323996
AES,15.951492495819892,15000.0,['Purchase'],[Timestamp('2025-02-25 00:00:00')],[15.951492495819892],2025-Q1,Rob Bresnahan,2392.7238743729836
ALAB,27.63885412601171,30000.0,"['Sale', 'Sale']","[Timestamp('2025-02-27 00:00:00'), Timestamp('2025-02-18 00:00:00')]","[26.14678499796433, 29.1309232540591]",2025-Q1,Rob Bresnahan,8291.656237803514
ALGN,-13.984296708830987,15000.0,['Purchase'],[Timestamp('2025-02-25 00:00:00')],[-13.984296708830987],2025-Q1,Rob Bresnahan,-2097.6445063246483
AMD,7.486118446218989,15000.0,['Sale'],[Timestamp('2025-01-13 00:00:00')],[7.486118446218989],2025-Q1,Rob Bresnahan,1122.9177669328483
ANET,28.16244648373683,30000.0,"['Sale', 'Sale']","[Timestamp('2025-02-13 00:00:00'), Timestamp('2025-01-13 00:00:00')]","[28.03499981225515, 28.28989315521851]",2025-Q1,Rob Bresnahan,8448.73394512105
ANSS,4.316439602537142,15000.0,['Sale'],[Timestamp('2025-01-13 00:00:00')],[4.316439602537142],2025-Q1,Rob Bresnahan,647.4659403805713
AOS,-0.5561442257190758,15000.0,['Sale'],[Timestamp('2025-02-25 00:00:00')],[-0.5561442257190758],2025-Q1,Rob Bresnahan,-83.42163385786138
APP,27.990195117925424,30000.0,"['Sale', 'Sale']","[Timestamp('2025-02-26 00:00:00'), Timestamp('2025-02-25 00:00:00')]","[20.327575962959333, 35.65281427289152]",2025-Q1,Rob Bresnahan,8397.058535377628
APPF,7.084501619782532,15000.0,['Sale'],[Timestamp('2025-01-13 00:00:00')],[7.084501619782532],2025-Q1,Rob Bresnahan,1062.67524296738
ARE,-1.9967279382698728,15000.0,['Purchase'],[Timestamp('2025-02-25 00:00:00')],[-1.9967279382698728],2025-Q1,Rob Bresnahan,-299.5091907404809
AVGO,17.066275515002662,15000.0,['Sale'],[Timestamp('2025-01-28 00:00:00')],[17.066275515002662],2025-Q1,Rob Bresnahan,2559.9413272503994
AVY,3.632540119194555,15000.0,['Sale'],[Timestamp('2025-02-25 00:00:00')],[3.632540119194555],2025-Q1,Rob Bresnahan,544.8810178791832
AXON,1.9148556345753385,15000.0,['Sale'],[Timestamp('2025-01-13 00:00:00')],[1.9148556345753385],2025-Q1,Rob Bresnahan,287.22834518630077
BA,-2.687570661335605,100000.0,"['Purchase', 'Sale']","[Timestamp('2025-02-25 00:00:00'), Timestamp('2025-01-13 00:00:00')]","[-0.7425859576351067, -4.632555365036103]",2025-Q1,Rob Bresnahan,-2687.570661335605
BABA,14.010194603381215,170000.0,"['Sale', 'Purchase', 'Purchase', 'Purchase', 'Purchase', 'Purchase', 'Purchase', 'Purchase', 'Purchase']","[Timestamp('2025-03-04 00:00:00'), Timestamp('2025-03-03 00:00:00'), Timestamp('2025-02-25 00:00:00'), Timestamp('2025-02-21 00:00:00'), Timestamp('2025-02-10 00:00:00'), Timestamp('2025-01-30 00:00:00'), Timestamp('2025-01-29 00:00:00'), Timestamp('2025-01-29 00:00:00'), Timestamp('2025-01-29 00:00:00')]","[-4.652776616754573, 1.2088728023146995, 2.138724105934772, -4.216102375263176, 26.37905820768801, 39.393628601085865, 36.462426517469616, 36.462426517469616, 36.462426517469616]",2025-Q1,Rob Bresnahan,23817.330825748068
BAH,19.34155274197694,15000.0,['Sale'],[Timestamp('2025-01-13 00:00:00')],[19.34155274197694],2025-Q1,Rob Bresnahan,2901.232911296541
BERY,-7.991905185056929,15000.0,['Sale'],[Timestamp('2025-01-13 00:00:00')],[-7.991905185056929],2025-Q1,Rob Bresnahan,-1198.7857777585393
BIIB,0.235715593610491,15000.0,['Purchase'],[Timestamp('2025-02-25 00:00:00')],[0.235715593610491],2025-Q1,Rob Bresnahan,35.35733904157365
BR,-8.377028796109439,15000.0,['Sale'],[Timestamp('2025-01-13 00:00:00')],[-8.377028796109439],2025-Q1,Rob Bresnahan,-1256.5543194164159
BRO,-21.80751149457361,15000.0,['Sale'],[Timestamp('2025-01-13 00:00:00')],[-21.80751149457361],2025-Q1,Rob Bresnahan,-3271.1267241860414
CAG,-2.280627081946168,15000.0,['Sale'],[Timestamp('2025-02-25 00:00:00')],[-2.280627081946168],2025-Q1,Rob Bresnahan,-342.09406229192524
CAT,0.4985373041147361,15000.0,['Sale'],[Timestamp('2025-02-25 00:00:00')],[0.4985373041147361],2025-Q1,Rob Bresnahan,74.78059561721042
CDNS,11.899325991636957,15000.0,['Sale'],[Timestamp('2025-01-13 00:00:00')],[11.899325991636957],2025-Q1,Rob Bresnahan,1784.8988987455436
CDW,9.750015713122547,15000.0,['Sale'],[Timestamp('2025-01-13 00:00:00')],[9.750015713122547],2025-Q1,Rob Bresnahan,1462.5023569683822
CELH,-33.295412996660154,15000.0,['Sale'],[Timestamp('2025-01-13 00:00:00')],[-33.295412996660154],2025-Q1,Rob Bresnahan,-4994.311949499023
CHDN,11.202401722273407,15000.0,['Sale'],[Timestamp('2025-01-13 00:00:00')],[11.202401722273407],2025-Q1,Rob Bresnahan,1680.360258341011
CI,-11.994316388744052,30000.0,"['Sale', 'Sale']","[Timestamp('2025-02-25 00:00:00'), Timestamp('2025-01-13 00:00:00')]","[-7.9830028628492435, -16.00562991463886]",2025-Q1,Rob Bresnahan,-3598.2949166232156
CLH,12.245886871310985,15000.0,['Sale'],[Timestamp('2025-01-13 00:00:00')],[12.245886871310985],2025-Q1,Rob Bresnahan,1836.8830306966477
CMCSA,-2.524000410668636,15000.0,['Sale'],[Timestamp('2025-02-25 00:00:00')],[-2.524000410668636],2025-Q1,Rob Bresnahan,-378.60006160029536
CMG,9.298185389124946,15000.0,['Sale'],[Timestamp('2025-01-13 00:00:00')],[9.298185389124946],2025-Q1,Rob Bresnahan,1394.7278083687418
CNP,4.389815862979014,15000.0,['Purchase'],[Timestamp('2025-02-25 00:00:00')],[4.389815862979014],2025-Q1,Rob Bresnahan,658.4723794468522
COP,-3.565673810489157,15000.0,['Sale'],[Timestamp('2025-02-25 00:00:00')],[-3.565673810489157],2025-Q1,Rob Bresnahan,-534.8510715733736
CPB,-4.164642706488043,15000.0,['Purchase'],[Timestamp('2025-02-25 00:00:00')],[-4.164642706488043],2025-Q1,Rob Bresnahan,-624.6964059732064
CRDO,24.783225636480136,60000.0,"['Sale', 'Sale', 'Sale', 'Sale']","[Timestamp('2025-03-04 00:00:00'), Timestamp('2025-01-29 00:00:00'), Timestamp('2025-01-29 00:00:00'), Timestamp('2025-01-29 00:00:00')]","[13.425827875342758, 28.569024890192598, 28.569024890192598, 28.569024890192598]",2025-Q1,Rob Bresnahan,14869.93538188808
CRM,14.746210567974158,65000.0,"['Sale', 'Sale']","[Timestamp('2025-01-21 00:00:00'), Timestamp('2025-01-13 00:00:00')]","[15.661808528783109, 11.694217365277652]",2025-Q1,Rob Bresnahan,9585.036869183203
CRWD,-2.9573647199058817,60000.0,"['Purchase', 'Purchase', 'Purchase', 'Sale']","[Timestamp('2025-01-28 00:00:00'), Timestamp('2025-01-28 00:00:00'), Timestamp('2025-01-28 00:00:00'), Timestamp('2025-01-13 00:00:00')]","[-1.6395244181151265, -1.6395244181151265, -1.6395244181151265, -6.910885625278149]",2025-Q1,Rob Bresnahan,-1774.418831943529
CSX,6.030626702322417,15000.0,['Sale'],[Timestamp('2025-02-25 00:00:00')],[6.030626702322417],2025-Q1,Rob Bresnahan,904.5940053483625
CVS,7.251659547653904,15000.0,['Purchase'],[Timestamp('2025-02-25 00:00:00')],[7.251659547653904],2025-Q1,Rob Bresnahan,1087.7489321480855
CVX,-9.343555352831109,15000.0,['Sale'],[Timestamp('2025-01-13 00:00:00')],[-9.343555352831109],2025-Q1,Rob Bresnahan,-1401.5333029246663
DBX,8.00888376267242,15000.0,['Sale'],[Timestamp('2025-01-13 00:00:00')],[8.00888376267242],2025-Q1,Rob Bresnahan,1201.332564400863
DE,-1.430096071303832,50000.0,['Purchase'],[Timestamp('2025-02-25 00:00:00')],[-1.430096071303832],2025-Q1,Rob Bresnahan,-715.048035651916
DECK,42.6209436043202,15000.0,['Sale'],[Timestamp('2025-01-13 00:00:00')],[42.6209436043202],2025-Q1,Rob Bresnahan,6393.14154064803
DG,11.020929118037138,15000.0,['Purchase'],[Timestamp('2025-02-25 00:00:00')],[11.020929118037138],2025-Q1,Rob Bresnahan,1653.1393677055707
DHI,-1.887682068358946,15000.0,['Sale'],[Timestamp('2025-02-25 00:00:00')],[-1.887682068358946],2025-Q1,Rob Bresnahan,-283.1523102538419
DHR,0.374581938831427,50000.0,['Sale'],[Timestamp('2025-02-25 00:00:00')],[0.374581938831427],2025-Q1,Rob Bresnahan,187.29096941571348
DIS,6.375598558631308,65000.0,"['Sale', 'Sale']","[Timestamp('2025-01-21 00:00:00'), Timestamp('2025-01-13 00:00:00')]","[6.209151839984169, 6.930420954121772]",2025-Q1,Rob Bresnahan,4144.13906311035
DRI,-15.742909863860522,15000.0,['Sale'],[Timestamp('2025-01-13 00:00:00')],[-15.742909863860522],2025-Q1,Rob Bresnahan,-2361.436479579078
DXCM,-23.41527734333899,15000.0,['Purchase'],[Timestamp('2025-02-25 00:00:00')],[-23.41527734333899],2025-Q1,Rob Bresnahan,-3512.291601500848
ELF,48.24463632058364,15000.0,['Sale'],[Timestamp('2025-01-13 00:00:00')],[48.24463632058364],2025-Q1,Rob Bresnahan,7236.695448087546
ELV,-12.659481121195908,15000.0,['Sale'],[Timestamp('2025-01-13 00:00:00')],[-12.659481121195906],2025-Q1,Rob Bresnahan,-1898.922168179386
EME,17.497670094757943,15000.0,['Sale'],[Timestamp('2025-01-13 00:00:00')],[17.497670094757943],2025-Q1,Rob Bresnahan,2624.650514213691
EMR,-6.1856527279986455,15000.0,['Purchase'],[Timestamp('2025-02-25 00:00:00')],[-6.1856527279986455],2025-Q1,Rob Bresnahan,-927.8479091997968
EOG,-4.942997003637296,15000.0,['Purchase'],[Timestamp('2025-02-25 00:00:00')],[-4.942997003637296],2025-Q1,Rob Bresnahan,-741.4495505455944
ETN,2.1901143027764407,15000.0,['Sale'],[Timestamp('2025-02-25 00:00:00')],[2.1901143027764407],2025-Q1,Rob Bresnahan,328.51714541646606
EXR,8.370550574572766,15000.0,['Sale'],[Timestamp('2025-02-25 00:00:00')],[8.370550574572766],2025-Q1,Rob Bresnahan,1255.5825861859148
F,-5.656347272618647,15000.0,['Sale'],[Timestamp('2025-02-25 00:00:00')],[-5.656347272618646],2025-Q1,Rob Bresnahan,-848.452090892797
FCX,-7.502019409927136,15000.0,['Sale'],[Timestamp('2025-02-25 00:00:00')],[-7.502019409927136],2025-Q1,Rob Bresnahan,-1125.3029114890703
FIX,23.066685058047952,15000.0,['Sale'],[Timestamp('2025-01-13 00:00:00')],[23.066685058047952],2025-Q1,Rob Bresnahan,3460.0027587071927
FSLR,16.120052595460194,15000.0,['Sale'],[Timestamp('2025-02-25 00:00:00')],[16.120052595460194],2025-Q1,Rob Bresnahan,2418.007889319029
FTNT,-5.927423244086387,15000.0,['Sale'],[Timestamp('2025-01-13 00:00:00')],[-5.927423244086387],2025-Q1,Rob Bresnahan,-889.1134866129581
GDDY,4.117927872026925,15000.0,['Sale'],[Timestamp('2025-01-13 00:00:00')],[4.117927872026925],2025-Q1,Rob Bresnahan,617.6891808040388
GEHC,-10.352391102093682,15000.0,['Purchase'],[Timestamp('2025-02-25 00:00:00')],[-10.352391102093682],2025-Q1,Rob Bresnahan,-1552.8586653140521
GOOG,17.563905341869933,115000.0,"['Sale', 'Sale']","[Timestamp('2025-01-21 00:00:00'), Timestamp('2025-01-13 00:00:00')]","[18.075439087276123, 14.153680372495344]",2025-Q1,Rob Bresnahan,20198.491143150422
GPK,-0.4214565924196606,15000.0,['Sale'],[Timestamp('2025-01-13 00:00:00')],[-0.4214565924196606],2025-Q1,Rob Bresnahan,-63.21848886294909
GWW,0.9024010931838244,15000.0,['Sale'],[Timestamp('2025-02-25 00:00:00')],[0.9024010931838244],2025-Q1,Rob Bresnahan,135.36016397757368
HAL,-4.599474370053228,15000.0,['Purchase'],[Timestamp('2025-02-25 00:00:00')],[-4.599474370053228],2025-Q1,Rob Bresnahan,-689.9211555079842
HCA,-6.895594915535688,15000.0,['Sale'],[Timestamp('2025-02-25 00:00:00')],[-6.895594915535688],2025-Q1,Rob Bresnahan,-1034.3392373303532
HEI,-20.278503307756264,30000.0,"['Sale', 'Sale']","[Timestamp('2025-01-13 00:00:00'), Timestamp('2025-01-13 00:00:00')]","[-20.278503307756264, -20.278503307756264]",2025-Q1,Rob Bresnahan,-6083.55099232688
HOOD,14.500010535531473,75000.0,"['Sale', 'Sale', 'Sale', 'Sale', 'Sale']","[Timestamp('2025-02-20 00:00:00'), Timestamp('2025-02-12 00:00:00'), Timestamp('2025-01-29 00:00:00'), Timestamp('2025-01-29 00:00:00'), Timestamp('2025-01-29 00:00:00')]","[25.554236647704226, 17.265369205598773, 9.89348227478479, 9.89348227478479, 9.89348227478479]",2025-Q1,Rob Bresnahan,10875.007901648605
HQY,11.009815565386518,15000.0,['Sale'],[Timestamp('2025-01-13 00:00:00')],[11.009815565386518],2025-Q1,Rob Bresnahan,1651.4723348079776
HSY,-4.059829829834983,15000.0,['Purchase'],[Timestamp('2025-02-25 00:00:00')],[-4.059829829834983],2025-Q1,Rob Bresnahan,-608.9744744752475
HUM,6.060492155068039,15000.0,['Purchase'],[Timestamp('2025-02-25 00:00:00')],[6.060492155068039],2025-Q1,Rob Bresnahan,909.0738232602058
IBP,-1.9946209345063832,15000.0,['Sale'],[Timestamp('2025-01-13 00:00:00')],[-1.9946209345063832],2025-Q1,Rob Bresnahan,-299.19314017595747
ICE,-24.18809349374983,15000.0,['Sale'],[Timestamp('2025-01-13 00:00:00')],[-24.18809349374983],2025-Q1,Rob Bresnahan,-3628.2140240624744
IDXX,-9.054901558950997,15000.0,['Purchase'],[Timestamp('2025-02-25 00:00:00')],[-9.054901558950997],2025-Q1,Rob Bresnahan,-1358.2352338426497
INTC,8.425835800039762,105000.0,"['Purchase', 'Purchase', 'Purchase', 'Purchase', 'Purchase', 'Purchase', 'Purchase']","[Timestamp('2025-03-03 00:00:00'), Timestamp('2025-02-26 00:00:00'), Timestamp('2025-02-20 00:00:00'), Timestamp('2025-02-14 00:00:00'), Timestamp('2025-02-03 00:00:00'), Timestamp('2025-02-03 00:00:00'), Timestamp('2025-02-03 00:00:00')]","[-5.519996643066406, 1.5914014590683805, -7.589979136321777, -3.037765815176982, 24.512396911925038, 24.512396911925038, 24.512396911925038]",2025-Q1,Rob Bresnahan,8847.12759004175
INTU,4.823852042539474,60000.0,"['Purchase', 'Purchase', 'Purchase', 'Sale']","[Timestamp('2025-03-07 00:00:00'), Timestamp('2025-02-25 00:00:00'), Timestamp('2025-02-25 00:00:00'), Timestamp('2025-01-13 00:00:00')]","[1.558116176946147, 8.459218141915157, 8.459218141915157, 0.8188557093814374]",2025-Q1,Rob Bresnahan,2894.3112255236842
IQV,8.34483194201208,15000.0,['Sale'],[Timestamp('2025-02-25 00:00:00')],[8.34483194201208],2025-Q1,Rob Bresnahan,1251.7247913018118
IR,3.6741778467151267,30000.0,"['Sale', 'Sale']","[Timestamp('2025-02-25 00:00:00'), Timestamp('2025-01-13 00:00:00')]","[1.7637433815225174, 5.584612311907736]",2025-Q1,Rob Bresnahan,1102.253354014538
KDP,-1.890034026402251,15000.0,['Purchase'],[Timestamp('2025-02-25 00:00:00')],[-1.890034026402251],2025-Q1,Rob Bresnahan,-283.50510396033764
KHC,-3.3031520860262837,15000.0,['Purchase'],[Timestamp('2025-02-25 00:00:00')],[-3.3031520860262837],2025-Q1,Rob Bresnahan,-495.47281290394255
KO,-13.29415665114539,15000.0,['Sale'],[Timestamp('2025-01-21 00:00:00')],[-13.29415665114539],2025-Q1,Rob Bresnahan,-1994.1234976718083
LH,-7.547303643291156,15000.0,['Purchase'],[Timestamp('2025-02-25 00:00:00')],[-7.547303643291156],2025-Q1,Rob Bresnahan,-1132.0955464936733
LIN,-6.832586473514499,30000.0,"['Sale', 'Sale']","[Timestamp('2025-02-25 00:00:00'), Timestamp('2025-01-13 00:00:00')]","[-1.521966633051403, -12.143206313977595]",2025-Q1,Rob Bresnahan,-2049.77594205435
LMT,-0.8590034771592058,15000.0,['Sale'],[Timestamp('2025-02-25 00:00:00')],[-0.8590034771592058],2025-Q1,Rob Bresnahan,-128.85052157388088
LOW,9.598165428036292,50000.0,['Sale'],[Timestamp('2025-02-07 00:00:00')],[9.598165428036292],2025-Q1,Rob Bresnahan,4799.082714018146
LRCX,-4.885570564486782,15000.0,['Purchase'],[Timestamp('2025-01-16 00:00:00')],[-4.885570564486782],2025-Q1,Rob Bresnahan,-732.8355846730173
LULU,4.117586185882073,30000.0,"['Purchase', 'Sale']","[Timestamp('2025-02-25 00:00:00'), Timestamp('2025-01-13 00:00:00')]","[-6.790208955581894, 15.02538132734604]",2025-Q1,Rob Bresnahan,1235.2758557646218
LW,11.10565678121475,15000.0,['Sale'],[Timestamp('2025-01-13 00:00:00')],[11.10565678121475],2025-Q1,Rob Bresnahan,1665.8485171822124
MA,-11.291418627588572,15000.0,['Sale'],[Timestamp('2025-01-13 00:00:00')],[-11.291418627588572],2025-Q1,Rob Bresnahan,-1693.7127941382857
MANH,24.48649483373227,60000.0,"['Sale', 'Sale', 'Sale', 'Sale']","[Timestamp('2025-01-29 00:00:00'), Timestamp('2025-01-29 00:00:00'), Timestamp('2025-01-29 00:00:00'), Timestamp('2025-01-13 00:00:00')]","[21.53500676406769, 21.53500676406769, 21.53500676406769, 33.340959042726006]",2025-Q1,Rob Bresnahan,14691.89690023936
MDLZ,3.495858228492524,15000.0,['Purchase'],[Timestamp('2025-02-25 00:00:00')],[3.4958582284925246],2025-Q1,Rob Bresnahan,524.3787342738786
MDT,-1.527221385675685,15000.0,['Purchase'],[Timestamp('2025-02-25 00:00:00')],[-1.527221385675685],2025-Q1,Rob Bresnahan,-229.08320785135277
MEDP,9.581339376190238,15000.0,['Sale'],[Timestamp('2025-01-13 00:00:00')],[9.58133937619024],2025-Q1,Rob Bresnahan,1437.2009064285357
META,7.058973072675491,60000.0,"['Purchase', 'Sale', 'Sale', 'Sale']","[Timestamp('2025-03-04 00:00:00'), Timestamp('2025-02-20 00:00:00'), Timestamp('2025-01-29 00:00:00'), Timestamp('2025-01-29 00:00:00')]","[-6.567500137641861, 13.504463505602404, 10.64946446137071, 10.64946446137071]",2025-Q1,Rob Bresnahan,4235.383843605295
MNDY,-21.70984041019783,15000.0,['Purchase'],[Timestamp('2025-02-11 00:00:00')],[-21.70984041019783],2025-Q1,Rob Bresnahan,-3256.476061529675
MOH,-10.986442845274786,15000.0,['Sale'],[Timestamp('2025-01-13 00:00:00')],[-10.986442845274786],2025-Q1,Rob Bresnahan,-1647.9664267912178
MPWR,-3.970825263472429,15000.0,['Sale'],[Timestamp('2025-01-13 00:00:00')],[-3.970825263472429],2025-Q1,Rob Bresnahan,-595.6237895208643
MRK,3.698332333022072,50000.0,['Sale'],[Timestamp('2025-02-25 00:00:00')],[3.698332333022072],2025-Q1,Rob Bresnahan,1849.166166511036
MRNA,-5.473809992373973,15000.0,['Purchase'],[Timestamp('2025-02-25 00:00:00')],[-5.473809992373973],2025-Q1,Rob Bresnahan,-821.071498856096
MSCI,1.1228033702450937,15000.0,['Sale'],[Timestamp('2025-01-13 00:00:00')],[1.1228033702450937],2025-Q1,Rob Bresnahan,168.42050553676407
MSFT,5.372741271429814,75000.0,"['Sale', 'Sale', 'Sale', 'Sale', 'Sale']","[Timestamp('2025-02-25 00:00:00'), Timestamp('2025-02-10 00:00:00'), Timestamp('2025-01-30 00:00:00'), Timestamp('2025-01-30 00:00:00'), Timestamp('2025-01-13 00:00:00')]","[2.622792164339933, 5.401573978115092, 6.544604183861086, 6.544604183861086, 5.7501318469718745]",2025-Q1,Rob Bresnahan,4029.5559535723605
MTSI,-18.31663204338364,15000.0,['Purchase'],[Timestamp('2025-02-10 00:00:00')],[-18.31663204338364],2025-Q1,Rob Bresnahan,-2747.494806507546
NDSN,2.9193906511989707,15000.0,['Sale'],[Timestamp('2025-02-25 00:00:00')],[2.9193906511989707],2025-Q1,Rob Bresnahan,437.9085976798456
NET,-29.21194048070196,15000.0,['Purchase'],[Timestamp('2025-02-10 00:00:00')],[-29.21194048070196],2025-Q1,Rob Bresnahan,-4381.791072105294
NFLX,-17.46057704362399,15000.0,['Sale'],[Timestamp('2025-01-13 00:00:00')],[-17.46057704362399],2025-Q1,Rob Bresnahan,-2619.0865565435984
NOW,-5.794659881498036,45000.0,"['Purchase', 'Purchase', 'Sale']","[Timestamp('2025-02-03 00:00:00'), Timestamp('2025-02-03 00:00:00'), Timestamp('2025-01-13 00:00:00')]","[-17.76055735376304, -17.76055735376304, 18.137135063031977]",2025-Q1,Rob Bresnahan,-2607.596946674116
NTNX,-16.913078759461673,15000.0,['Sale'],[Timestamp('2025-01-13 00:00:00')],[-16.913078759461673],2025-Q1,Rob Bresnahan,-2536.9618139192507
NVDA,7.014770998216678,90000.0,"['Sale', 'Purchase', 'Sale', 'Sale', 'Sale', 'Sale']","[Timestamp('2025-03-03 00:00:00'), Timestamp('2025-02-26 00:00:00'), Timestamp('2025-02-25 00:00:00'), Timestamp('2025-01-29 00:00:00'), Timestamp('2025-01-29 00:00:00'), Timestamp('2025-01-28 00:00:00')]","[9.772287385926278, -14.270142889057944, 14.263540646801648, 11.904942032913596, 11.904942032913596, 8.513056779802895]",2025-Q1,Rob Bresnahan,6313.29389839501
NVR,6.393141266876759,15000.0,['Sale'],[Timestamp('2025-01-13 00:00:00')],[6.393141266876759],2025-Q1,Rob Bresnahan,958.9711900315139
ODFL,5.648388589928563,15000.0,['Sale'],[Timestamp('2025-02-25 00:00:00')],[5.648388589928563],2025-Q1,Rob Bresnahan,847.2582884892845
ON,12.619019316471496,30000.0,"['Sale', 'Sale']","[Timestamp('2025-02-25 00:00:00'), Timestamp('2025-02-11 00:00:00')]","[18.403883181069087, 6.834155451873904]",2025-Q1,Rob Bresnahan,3785.705794941449
ORCL,16.03634971328677,30000.0,"['Sale', 'Sale']","[Timestamp('2025-02-27 00:00:00'), Timestamp('2025-02-14 00:00:00')]","[15.734104751851518, 16.338594674722025]",2025-Q1,Rob Bresnahan,4810.904913986032
OXY,-0.09473237576321572,50000.0,['Purchase'],[Timestamp('2025-02-25 00:00:00')],[-0.0947323757632157],2025-Q1,Rob Bresnahan,-47.36618788160786
PANW,-2.7507793199147907,15000.0,['Sale'],[Timestamp('2025-01-13 00:00:00')],[-2.7507793199147907],2025-Q1,Rob Bresnahan,-412.61689798721864
PAYX,-10.162493400865646,15000.0,['Sale'],[Timestamp('2025-01-13 00:00:00')],[-10.162493400865646],2025-Q1,Rob Bresnahan,-1524.374010129847
PCAR,7.679837188881685,15000.0,['Sale'],[Timestamp('2025-01-13 00:00:00')],[7.679837188881685],2025-Q1,Rob Bresnahan,1151.9755783322528
PCTY,-0.2728105927264224,15000.0,['Sale'],[Timestamp('2025-01-13 00:00:00')],[-0.2728105927264224],2025-Q1,Rob Bresnahan,-40.92158890896336
PEP,2.452800546585437,50000.0,['Sale'],[Timestamp('2025-02-25 00:00:00')],[2.452800546585437],2025-Q1,Rob Bresnahan,1226.4002732927183
PFE,-6.399697336885818,50000.0,['Purchase'],[Timestamp('2025-02-25 00:00:00')],[-6.399697336885818],2025-Q1,Rob Bresnahan,-3199.8486684429085
PFGC,7.330400740369441,15000.0,['Sale'],[Timestamp('2025-01-13 00:00:00')],[7.330400740369441],2025-Q1,Rob Bresnahan,1099.5601110554162
PLTR,-0.34768679437088296,45000.0,"['Sale', 'Purchase', 'Sale']","[Timestamp('2025-02-26 00:00:00'), Timestamp('2025-02-25 00:00:00'), Timestamp('2025-02-25 00:00:00')]","[-1.043060383112649, -0.6177663304599174, 0.6177663304599174]",2025-Q1,Rob Bresnahan,-156.45905746689735
PSTG,22.927605723563417,15000.0,['Sale'],[Timestamp('2025-01-13 00:00:00')],[22.927605723563417],2025-Q1,Rob Bresnahan,3439.140858534513
PWR,7.832707400247616,30000.0,"['Purchase', 'Sale']","[Timestamp('2025-02-25 00:00:00'), Timestamp('2025-01-13 00:00:00')]","[-1.7689892150524216, 17.434404015547653]",2025-Q1,Rob Bresnahan,2349.8122200742846
RCL,2.220871813201452,15000.0,['Sale'],[Timestamp('2025-01-13 00:00:00')],[2.220871813201452],2025-Q1,Rob Bresnahan,333.13077198021784
RDDT,-45.43069140745862,15000.0,['Purchase'],[Timestamp('2025-02-14 00:00:00')],[-45.43069140745862],2025-Q1,Rob Bresnahan,-6814.6037111187925
REGN,11.690275404188368,15000.0,['Sale'],[Timestamp('2025-02-25 00:00:00')],[11.690275404188368],2025-Q1,Rob Bresnahan,1753.5413106282554
RMD,3.628287201087268,15000.0,['Sale'],[Timestamp('2025-01-13 00:00:00')],[3.628287201087268],2025-Q1,Rob Bresnahan,544.2430801630902
ROK,-7.806593404748119,15000.0,['Purchase'],[Timestamp('2025-02-25 00:00:00')],[-7.806593404748119],2025-Q1,Rob Bresnahan,-1170.9890107122178
RVTY,-6.871426038131482,15000.0,['Purchase'],[Timestamp('2025-02-25 00:00:00')],[-6.871426038131482],2025-Q1,Rob Bresnahan,-1030.7139057197223
SAIA,15.94760068894112,15000.0,['Sale'],[Timestamp('2025-01-13 00:00:00')],[15.94760068894112],2025-Q1,Rob Bresnahan,2392.140103341168
SBAC,-12.64512125202418,15000.0,['Sale'],[Timestamp('2025-01-13 00:00:00')],[-12.645121252024182],2025-Q1,Rob Bresnahan,-1896.7681878036271
SE,-1.5333480765600918,15000.0,['Purchase'],[Timestamp('2025-03-05 00:00:00')],[-1.5333480765600918],2025-Q1,Rob Bresnahan,-230.00221148401374
SLB,1.592663777229773,15000.0,['Purchase'],[Timestamp('2025-02-25 00:00:00')],[1.592663777229773],2025-Q1,Rob Bresnahan,238.89956658446593
SMCI,-21.653660013181376,30000.0,"['Purchase', 'Sale']","[Timestamp('2025-02-25 00:00:00'), Timestamp('2025-01-13 00:00:00')]","[-30.72625307137556, -12.581066954987191]",2025-Q1,Rob Bresnahan,-6496.098003954412
SNOW,-11.653904343905563,60000.0,"['Purchase', 'Purchase', 'Purchase', 'Purchase']","[Timestamp('2025-03-03 00:00:00'), Timestamp('2025-02-26 00:00:00'), Timestamp('2025-02-13 00:00:00'), Timestamp('2025-02-12 00:00:00')]","[-12.15444968753637, -5.433737513530685, -16.035520918765805, -12.991909255789388]",2025-Q1,Rob Bresnahan,-6992.342606343337
SNPS,8.76134308546401,15000.0,['Sale'],[Timestamp('2025-01-13 00:00:00')],[8.76134308546401],2025-Q1,Rob Bresnahan,1314.2014628196014
SRE,2.3190482432170194,15000.0,['Sale'],[Timestamp('2025-02-25 00:00:00')],[2.3190482432170194],2025-Q1,Rob Bresnahan,347.85723648255293
STE,0.3895035435217402,15000.0,['Purchase'],[Timestamp('2025-02-25 00:00:00')],[0.3895035435217402],2025-Q1,Rob Bresnahan,58.42553152826103
TDG,-10.467727579275955,15000.0,['Sale'],[Timestamp('2025-01-13 00:00:00')],[-10.467727579275955],2025-Q1,Rob Bresnahan,-1570.1591368913932
TEAM,-16.3070413561268,45000.0,"['Purchase', 'Purchase', 'Purchase']","[Timestamp('2025-01-28 00:00:00'), Timestamp('2025-01-28 00:00:00'), Timestamp('2025-01-28 00:00:00')]","[-16.3070413561268, -16.3070413561268, -16.3070413561268]",2025-Q1,Rob Bresnahan,-7338.168610257059
TECH,-9.194177807890634,15000.0,['Purchase'],[Timestamp('2025-02-25 00:00:00')],[-9.194177807890634],2025-Q1,Rob Bresnahan,-1379.1266711835951
TFX,21.528436756141332,15000.0,['Sale'],[Timestamp('2025-02-25 00:00:00')],[21.528436756141332],2025-Q1,Rob Bresnahan,3229.2655134212
TMO,4.2404115214532005,15000.0,['Sale'],[Timestamp('2025-02-25 00:00:00')],[4.2404115214532005],2025-Q1,Rob Bresnahan,636.0617282179801
TMUS,-27.372674880242283,15000.0,['Sale'],[Timestamp('2025-01-13 00:00:00')],[-27.372674880242283],2025-Q1,Rob Bresnahan,-4105.901232036343
TSLA,2.899586351986286,30000.0,"['Sale', 'Sale']","[Timestamp('2025-03-06 00:00:00'), Timestamp('2025-02-27 00:00:00')]","[-0.3932982922225829, 6.192470996195156]",2025-Q1,Rob Bresnahan,869.8759055958858
TSM,6.764831270960057,15000.0,['Sale'],[Timestamp('2025-03-03 00:00:00')],[6.764831270960057],2025-Q1,Rob Bresnahan,1014.7246906440085
TTD,14.328147041198685,30000.0,"['Purchase', 'Sale']","[Timestamp('2025-02-26 00:00:00'), Timestamp('2025-02-10 00:00:00')]","[-23.7143615987536, 52.37065568115097]",2025-Q1,Rob Bresnahan,4298.444112359605
TTWO,10.181630878629077,75000.0,"['Purchase', 'Purchase', 'Purchase', 'Purchase', 'Purchase']","[Timestamp('2025-03-03 00:00:00'), Timestamp('2025-02-10 00:00:00'), Timestamp('2025-02-03 00:00:00'), Timestamp('2025-02-03 00:00:00'), Timestamp('2025-02-03 00:00:00')]","[0.6576137444211239, 2.0379976626100804, 16.070847662038062, 16.070847662038062, 16.070847662038062]",2025-Q1,Rob Bresnahan,7636.2231589718085
TWLO,-11.646452564802244,30000.0,"['Purchase', 'Purchase']","[Timestamp('2025-03-04 00:00:00'), Timestamp('2025-02-25 00:00:00')]","[-10.692046498552315, -12.600858631052173]",2025-Q1,Rob Bresnahan,-3493.935769440673
TXT,-3.4069201549557797,15000.0,['Sale'],[Timestamp('2025-02-25 00:00:00')],[-3.40692015495578],2025-Q1,Rob Bresnahan,-511.038023243367
UBER,1.9643792404536151,15000.0,['Sale'],[Timestamp('2025-02-25 00:00:00')],[1.9643792404536151],2025-Q1,Rob Bresnahan,294.65688606804224
UNH,-8.803316303151373,65000.0,"['Sale', 'Sale']","[Timestamp('2025-02-25 00:00:00'), Timestamp('2025-01-13 00:00:00')]","[-12.404015555103328, 3.199014536688479]",2025-Q1,Rob Bresnahan,-5722.155597048392
UPS,4.679715774588927,15000.0,['Sale'],[Timestamp('2025-02-25 00:00:00')],[4.679715774588927],2025-Q1,Rob Bresnahan,701.957366188339
URI,0.4442978014743676,30000.0,"['Sale', 'Sale']","[Timestamp('2025-02-25 00:00:00'), Timestamp('2025-01-13 00:00:00')]","[-2.041071549787717, 2.929667152736452]",2025-Q1,Rob Bresnahan,133.28934044231028
V,-0.4297492064231004,15000.0,['Purchase'],[Timestamp('2025-02-25 00:00:00')],[-0.4297492064231004],2025-Q1,Rob Bresnahan,-64.46238096346505
VTRS,-21.133819435548265,15000.0,['Purchase'],[Timestamp('2025-02-25 00:00:00')],[-21.133819435548265],2025-Q1,Rob Bresnahan,-3170.07291533224
WAB,0.04616203710937,15000.0,['Sale'],[Timestamp('2025-01-13 00:00:00')],[0.04616203710937],2025-Q1,Rob Bresnahan,6.9243055664055
WAT,-2.4223944811710507,15000.0,['Purchase'],[Timestamp('2025-02-25 00:00:00')],[-2.4223944811710507],2025-Q1,Rob Bresnahan,-363.3591721756576
WMS,0.4297264774364326,15000.0,['Sale'],[Timestamp('2025-01-13 00:00:00')],[0.4297264774364326],2025-Q1,Rob Bresnahan,64.45897161546489
WSC,15.16484867946911,15000.0,['Sale'],[Timestamp('2025-01-13 00:00:00')],[15.16484867946911],2025-Q1,Rob Bresnahan,2274.7273019203662
WST,3.087238122912128,15000.0,['Purchase'],[Timestamp('2025-02-25 00:00:00')],[3.087238122912128],2025-Q1,Rob Bresnahan,463.0857184368192
WY,-1.1706061807472556,15000.0,['Purchase'],[Timestamp('2025-02-25 00:00:00')],[-1.1706061807472556],2025-Q1,Rob Bresnahan,-175.59092711208837
XOM,-5.920930958848294,50000.0,['Sale'],[Timestamp('2025-02-25 00:00:00')],[-5.920930958848294],2025-Q1,Rob Bresnahan,-2960.465479424147
ZM,-3.591464015295628,75000.0,"['Purchase', 'Purchase', 'Purchase', 'Purchase', 'Purchase']","[Timestamp('2025-03-04 00:00:00'), Timestamp('2025-02-25 00:00:00'), Timestamp('2025-01-28 00:00:00'), Timestamp('2025-01-28 00:00:00'), Timestamp('2025-01-28 00:00:00')]","[3.812871457182395, -1.1395121686704737, -6.876893121663354, -6.876893121663354, -6.876893121663354]",2025-Q1,Rob Bresnahan,-2693.5980114717213
ZS,-11.486667584993416,15000.0,['Sale'],[Timestamp('2025-01-13 00:00:00')],[-11.486667584993416],2025-Q1,Rob Bresnahan,-1723.0001377490125
ZTS,0.5304337892697689,15000.0,['Sale'],[Timestamp('2025-02-25 00:00:00')],[0.5304337892697689],2025-Q1,Rob Bresnahan,79.56506839046534
AMZN,-8.296709273297228,30000.0,"['Purchase', 'Purchase']","[Timestamp('2025-02-26 00:00:00'), Timestamp('2025-01-16 00:00:00')]","[-6.318043024474547, -10.275375522119909]",2025-Q1,Thomas H. Kean Jr,-2489.0127819891686
CCK,12.191484522614394,15000.0,['Purchase'],[Timestamp('2025-01-07 00:00:00')],[12.191484522614394],2025-Q1,Thomas H. Kean Jr,1828.722678392159
MAGN,10.746124193191957,15000.0,['Sale'],[Timestamp('2025-02-12 00:00:00')],[10.746124193191957],2025-Q1,Thomas H. Kean Jr,1611.9186289787935
MDLZ,16.279071295674264,15000.0,['Purchase'],[Timestamp('2025-02-07 00:00:00')],[16.279071295674264],2025-Q1,Thomas H. Kean Jr,2441.8606943511395
MSFT,-6.591454603566971,15000.0,['Purchase'],[Timestamp('2025-01-31 00:00:00')],[-6.591454603566971],2025-Q1,Thomas H. Kean Jr,-988.7181905350458
PRNDY,6.694946865815095,15000.0,['Sale'],[Timestamp('2025-02-07 00:00:00')],[6.694946865815095],2025-Q1,Thomas H. Kean Jr,1004.2420298722642
SYK,6.132034222088165,50000.0,['Sale'],[Timestamp('2025-02-26 00:00:00')],[6.132034222088165],2025-Q1,Thomas H. Kean Jr,3066.0171110440824
AAPL,6.630500597890162,50000.0,['Sale (Full)'],[Timestamp('2025-01-10 00:00:00')],[-6.630500597890161],2025-Q1,Tommy Tuberville,3315.250298945081
CARR,2.9268341644843288,15000.0,['Sale (Full)'],[Timestamp('2025-01-10 00:00:00')],[-2.9268341644843288],2025-Q1,Tommy Tuberville,439.0251246726493
DEO,12.378490302211407,50000.0,['Sale (Full)'],[Timestamp('2025-01-10 00:00:00')],[-12.378490302211407],2025-Q1,Tommy Tuberville,6189.245151105703
MSFT,7.834313227730487,50000.0,['Sale (Full)'],[Timestamp('2025-01-10 00:00:00')],[-7.834313227730487],2025-Q1,Tommy Tuberville,3917.1566138652433
TSCO,-0.2569804628908735,50000.0,['Sale (Full)'],[Timestamp('2025-01-10 00:00:00')],[0.2569804628908735],2025-Q1,Tommy Tuberville,-128.49023144543673
TXN,5.605366205015352,50000.0,['Sale (Full)'],[Timestamp('2025-01-10 00:00:00')],[-5.605366205015352],2025-Q1,Tommy Tuberville,2802.6831025076763
