Quarter,PartyName,StandardizedTransaction,Ticker,TotalValue,UniquePoliticians,TransactionCount,CategoryTotal,Percentage
2024-Q4,Democrats,Purchase,TCMD,100000.0,1,1,165000.0,60.60606060606061
2024-Q4,Democrats,Purchase,LLY,50000.0,1,1,165000.0,30.303030303030305
2024-Q4,Democrats,Purchase,KO,15000.0,1,1,165000.0,9.090909090909092
2024-Q4,Democrats,Sale,TSLA,350000.0,1,3,675000.0,51.85185185185185
2024-Q4,Democrats,Sale,AAPL,50000.0,1,1,675000.0,7.4074074074074066
2024-Q4,Democrats,Sale,LRCX,50000.0,1,1,675000.0,7.4074074074074066
2024-Q4,Democrats,Sale,MA,30000.0,1,2,675000.0,4.444444444444445
2024-Q4,Democrats,Sale,SBUX,30000.0,1,2,675000.0,4.444444444444445
2024-Q4,Democrats,Sale,VZ,30000.0,1,2,675000.0,4.444444444444445
2024-Q4,Democrats,Sale,AY,15000.0,1,1,675000.0,2.2222222222222223
2024-Q4,Democrats,Sale,CELH,15000.0,1,1,675000.0,2.2222222222222223
2024-Q4,Democrats,Sale,DIS,15000.0,1,1,675000.0,2.2222222222222223
2024-Q4,Democrats,Sale,HON,15000.0,1,1,675000.0,2.2222222222222223
2024-Q4,Democrats,Sale,IVZ,15000.0,1,1,675000.0,2.2222222222222223
2024-Q4,Democrats,Sale,KVUE,15000.0,1,1,675000.0,2.2222222222222223
2024-Q4,Democrats,Sale,LEG,15000.0,1,1,675000.0,2.2222222222222223
2024-Q4,Democrats,Sale,LW,15000.0,1,1,675000.0,2.2222222222222223
2024-Q4,Democrats,Sale,MET,15000.0,1,1,675000.0,2.2222222222222223
2024-Q4,Republicans,Purchase,HIYS,500000.0,1,1,2135000.0,23.4192037470726
2024-Q4,Republicans,Purchase,PCLPX,500000.0,1,1,2135000.0,23.4192037470726
2024-Q4,Republicans,Purchase,CFSSX,250000.0,1,1,2135000.0,11.7096018735363
2024-Q4,Republicans,Purchase,EZU,250000.0,1,1,2135000.0,11.7096018735363
2024-Q4,Republicans,Purchase,IEFA,250000.0,1,1,2135000.0,11.7096018735363
2024-Q4,Republicans,Purchase,IEMG,115000.0,1,2,2135000.0,5.386416861826698
2024-Q4,Republicans,Purchase,GICIX,100000.0,1,1,2135000.0,4.683840749414521
2024-Q4,Republicans,Purchase,AMAT,50000.0,1,1,2135000.0,2.3419203747072603
2024-Q4,Republicans,Purchase,AAXJ,15000.0,1,1,2135000.0,0.702576112412178
2024-Q4,Republicans,Purchase,AVGO,15000.0,1,1,2135000.0,0.702576112412178
2024-Q4,Republicans,Purchase,BRK.B,15000.0,1,1,2135000.0,0.702576112412178
2024-Q4,Republicans,Purchase,CSL,15000.0,1,1,2135000.0,0.702576112412178
2024-Q4,Republicans,Purchase,GE,15000.0,1,1,2135000.0,0.702576112412178
2024-Q4,Republicans,Purchase,SPY,15000.0,1,1,2135000.0,0.702576112412178
2024-Q4,Republicans,Purchase,VNQ,15000.0,1,1,2135000.0,0.702576112412178
2024-Q4,Republicans,Purchase,WFC,15000.0,1,1,2135000.0,0.702576112412178
2024-Q4,Republicans,Sale,PDBC,500000.0,1,1,2020000.0,24.752475247524753
2024-Q4,Republicans,Sale,AXON,100000.0,1,2,2020000.0,4.9504950495049505
2024-Q4,Republicans,Sale,FRPT,100000.0,1,2,2020000.0,4.9504950495049505
2024-Q4,Republicans,Sale,OLLI,100000.0,1,2,2020000.0,4.9504950495049505
2024-Q4,Republicans,Sale,SFM,100000.0,1,2,2020000.0,4.9504950495049505
2024-Q4,Republicans,Sale,BMI,65000.0,1,2,2020000.0,3.217821782178218
2024-Q4,Republicans,Sale,CYBR,65000.0,1,2,2020000.0,3.217821782178218
2024-Q4,Republicans,Sale,ETN,65000.0,1,2,2020000.0,3.217821782178218
2024-Q4,Republicans,Sale,GS,65000.0,1,2,2020000.0,3.217821782178218
2024-Q4,Republicans,Sale,LRN,65000.0,1,2,2020000.0,3.217821782178218
2024-Q4,Republicans,Sale,MSFT,65000.0,2,2,2020000.0,3.217821782178218
2024-Q4,Republicans,Sale,AAPL,50000.0,1,1,2020000.0,2.4752475247524752
2024-Q4,Republicans,Sale,ABT,50000.0,1,1,2020000.0,2.4752475247524752
2024-Q4,Republicans,Sale,ADBE,50000.0,1,1,2020000.0,2.4752475247524752
2024-Q4,Republicans,Sale,HON,50000.0,1,1,2020000.0,2.4752475247524752
2024-Q4,Republicans,Sale,JNJ,50000.0,1,1,2020000.0,2.4752475247524752
2024-Q4,Republicans,Sale,KMB,50000.0,1,1,2020000.0,2.4752475247524752
2024-Q4,Republicans,Sale,MCD,50000.0,1,1,2020000.0,2.4752475247524752
2024-Q4,Republicans,Sale,OC,50000.0,1,1,2020000.0,2.4752475247524752
2024-Q4,Republicans,Sale,PCLPX,50000.0,1,1,2020000.0,2.4752475247524752
2024-Q4,Republicans,Sale,PEP,50000.0,1,1,2020000.0,2.4752475247524752
2024-Q4,Republicans,Sale,TRV,50000.0,1,1,2020000.0,2.4752475247524752
2024-Q4,Republicans,Sale,ELF,30000.0,1,2,2020000.0,1.4851485148514851
2024-Q4,Republicans,Sale,AMAT,15000.0,1,1,2020000.0,0.7425742574257426
2024-Q4,Republicans,Sale,BBEU,15000.0,1,1,2020000.0,0.7425742574257426
2024-Q4,Republicans,Sale,CTVA,15000.0,1,1,2020000.0,0.7425742574257426
2024-Q4,Republicans,Sale,EQC,15000.0,1,1,2020000.0,0.7425742574257426
2024-Q4,Republicans,Sale,IVV,15000.0,1,1,2020000.0,0.7425742574257426
2024-Q4,Republicans,Sale,IWM,15000.0,1,1,2020000.0,0.7425742574257426
2024-Q4,Republicans,Sale,LOW,15000.0,1,1,2020000.0,0.7425742574257426
2024-Q4,Republicans,Sale,SWKS,15000.0,1,1,2020000.0,0.7425742574257426
2024-Q4,Republicans,Sale,UNH,15000.0,1,1,2020000.0,0.7425742574257426
2024-Q4,Republicans,Sale,VWO,15000.0,1,1,2020000.0,0.7425742574257426
2025-Q1,Democrats,Purchase,MSFT,16080000.0,3,7,18375000.0,87.51020408163265
2025-Q1,Democrats,Purchase,V,105000.0,1,7,18375000.0,0.5714285714285714
2025-Q1,Democrats,Purchase,HE,100000.0,1,1,18375000.0,0.5442176870748299
2025-Q1,Democrats,Purchase,LLY,100000.0,1,1,18375000.0,0.5442176870748299
2025-Q1,Democrats,Purchase,CPAY,80000.0,1,3,18375000.0,0.43537414965986393
2025-Q1,Democrats,Purchase,LH,75000.0,1,5,18375000.0,0.40816326530612246
2025-Q1,Democrats,Purchase,TSLA,75000.0,2,5,18375000.0,0.40816326530612246
2025-Q1,Democrats,Purchase,CACI,65000.0,2,2,18375000.0,0.35374149659863946
2025-Q1,Democrats,Purchase,PAYX,60000.0,1,4,18375000.0,0.326530612244898
2025-Q1,Democrats,Purchase,AMZN,50000.0,1,1,18375000.0,0.27210884353741494
2025-Q1,Democrats,Purchase,MRK,50000.0,1,1,18375000.0,0.27210884353741494
2025-Q1,Democrats,Purchase,UNH,50000.0,1,1,18375000.0,0.27210884353741494
2025-Q1,Democrats,Purchase,ABT,45000.0,1,3,18375000.0,0.24489795918367346
2025-Q1,Democrats,Purchase,PGR,45000.0,1,3,18375000.0,0.24489795918367346
2025-Q1,Democrats,Purchase,UNP,45000.0,2,3,18375000.0,0.24489795918367346
2025-Q1,Democrats,Purchase,AVGO,30000.0,2,2,18375000.0,0.163265306122449
2025-Q1,Democrats,Purchase,BABA,30000.0,1,2,18375000.0,0.163265306122449
2025-Q1,Democrats,Purchase,BK,30000.0,1,2,18375000.0,0.163265306122449
2025-Q1,Democrats,Purchase,COF,30000.0,1,2,18375000.0,0.163265306122449
2025-Q1,Democrats,Purchase,CRWD,30000.0,1,2,18375000.0,0.163265306122449
2025-Q1,Democrats,Purchase,DSCSY,30000.0,1,2,18375000.0,0.163265306122449
2025-Q1,Democrats,Purchase,ETN,30000.0,1,2,18375000.0,0.163265306122449
2025-Q1,Democrats,Purchase,F,30000.0,2,2,18375000.0,0.163265306122449
2025-Q1,Democrats,Purchase,FBIN,30000.0,1,2,18375000.0,0.163265306122449
2025-Q1,Democrats,Purchase,FI,30000.0,1,2,18375000.0,0.163265306122449
2025-Q1,Democrats,Purchase,GLW,30000.0,1,2,18375000.0,0.163265306122449
2025-Q1,Democrats,Purchase,GS,30000.0,1,2,18375000.0,0.163265306122449
2025-Q1,Democrats,Purchase,MA,30000.0,1,2,18375000.0,0.163265306122449
2025-Q1,Democrats,Purchase,PLTR,30000.0,2,2,18375000.0,0.163265306122449
2025-Q1,Democrats,Purchase,SHOP,30000.0,1,2,18375000.0,0.163265306122449
2025-Q1,Democrats,Purchase,TWLO,30000.0,1,2,18375000.0,0.163265306122449
2025-Q1,Democrats,Purchase,WMT,30000.0,1,2,18375000.0,0.163265306122449
2025-Q1,Democrats,Purchase,WTW,30000.0,1,2,18375000.0,0.163265306122449
2025-Q1,Democrats,Purchase,ABEV,15000.0,1,1,18375000.0,0.0816326530612245
2025-Q1,Democrats,Purchase,ACN,15000.0,1,1,18375000.0,0.0816326530612245
2025-Q1,Democrats,Purchase,AGIO,15000.0,1,1,18375000.0,0.0816326530612245
2025-Q1,Democrats,Purchase,AMP,15000.0,1,1,18375000.0,0.0816326530612245
2025-Q1,Democrats,Purchase,ANET,15000.0,1,1,18375000.0,0.0816326530612245
2025-Q1,Democrats,Purchase,APTV,15000.0,1,1,18375000.0,0.0816326530612245
2025-Q1,Democrats,Purchase,ARMK,15000.0,1,1,18375000.0,0.0816326530612245
2025-Q1,Democrats,Purchase,BA,15000.0,1,1,18375000.0,0.0816326530612245
2025-Q1,Democrats,Purchase,BWA,15000.0,1,1,18375000.0,0.0816326530612245
2025-Q1,Democrats,Purchase,CCI,15000.0,1,1,18375000.0,0.0816326530612245
2025-Q1,Democrats,Purchase,CDRE,15000.0,1,1,18375000.0,0.0816326530612245
2025-Q1,Democrats,Purchase,CEG,15000.0,1,1,18375000.0,0.0816326530612245
2025-Q1,Democrats,Purchase,CLPBY,15000.0,1,1,18375000.0,0.0816326530612245
2025-Q1,Democrats,Purchase,CNM,15000.0,1,1,18375000.0,0.0816326530612245
2025-Q1,Democrats,Purchase,CRM,15000.0,1,1,18375000.0,0.0816326530612245
2025-Q1,Democrats,Purchase,CRNX,15000.0,1,1,18375000.0,0.0816326530612245
2025-Q1,Democrats,Purchase,CVS,15000.0,1,1,18375000.0,0.0816326530612245
2025-Q1,Democrats,Purchase,DG,15000.0,1,1,18375000.0,0.0816326530612245
2025-Q1,Democrats,Purchase,EIX,15000.0,1,1,18375000.0,0.0816326530612245
2025-Q1,Democrats,Purchase,ENTG,15000.0,1,1,18375000.0,0.0816326530612245
2025-Q1,Democrats,Purchase,EPAC,15000.0,1,1,18375000.0,0.0816326530612245
2025-Q1,Democrats,Purchase,FCX,15000.0,1,1,18375000.0,0.0816326530612245
2025-Q1,Democrats,Purchase,FNA,15000.0,1,1,18375000.0,0.0816326530612245
2025-Q1,Democrats,Purchase,GBOOY,15000.0,1,1,18375000.0,0.0816326530612245
2025-Q1,Democrats,Purchase,HLMN,15000.0,1,1,18375000.0,0.0816326530612245
2025-Q1,Democrats,Purchase,HUM,15000.0,1,1,18375000.0,0.0816326530612245
2025-Q1,Democrats,Purchase,ISRG,15000.0,1,1,18375000.0,0.0816326530612245
2025-Q1,Democrats,Purchase,JNJ,15000.0,1,1,18375000.0,0.0816326530612245
2025-Q1,Democrats,Purchase,K,15000.0,1,1,18375000.0,0.0816326530612245
2025-Q1,Democrats,Purchase,KLAC,15000.0,1,1,18375000.0,0.0816326530612245
2025-Q1,Democrats,Purchase,LNTH,15000.0,1,1,18375000.0,0.0816326530612245
2025-Q1,Democrats,Purchase,LUV,15000.0,1,1,18375000.0,0.0816326530612245
2025-Q1,Democrats,Purchase,MMM,15000.0,1,1,18375000.0,0.0816326530612245
2025-Q1,Democrats,Purchase,NXPI,15000.0,1,1,18375000.0,0.0816326530612245
2025-Q1,Democrats,Purchase,ON,15000.0,1,1,18375000.0,0.0816326530612245
2025-Q1,Democrats,Purchase,PAR,15000.0,1,1,18375000.0,0.0816326530612245
2025-Q1,Democrats,Purchase,PEP,15000.0,1,1,18375000.0,0.0816326530612245
2025-Q1,Democrats,Purchase,PFE,15000.0,1,1,18375000.0,0.0816326530612245
2025-Q1,Democrats,Purchase,PG,15000.0,1,1,18375000.0,0.0816326530612245
2025-Q1,Democrats,Purchase,PYPL,15000.0,1,1,18375000.0,0.0816326530612245
2025-Q1,Democrats,Purchase,RTX,15000.0,1,1,18375000.0,0.0816326530612245
2025-Q1,Democrats,Purchase,SNOW,15000.0,1,1,18375000.0,0.0816326530612245
2025-Q1,Democrats,Purchase,STRL,15000.0,1,1,18375000.0,0.0816326530612245
2025-Q1,Democrats,Purchase,SWTX,15000.0,1,1,18375000.0,0.0816326530612245
2025-Q1,Democrats,Purchase,TEL,15000.0,1,1,18375000.0,0.0816326530612245
2025-Q1,Democrats,Purchase,TER,15000.0,1,1,18375000.0,0.0816326530612245
2025-Q1,Democrats,Purchase,TSCO,15000.0,1,1,18375000.0,0.0816326530612245
2025-Q1,Democrats,Purchase,UBER,15000.0,1,1,18375000.0,0.0816326530612245
2025-Q1,Democrats,Purchase,USPH,15000.0,1,1,18375000.0,0.0816326530612245
2025-Q1,Democrats,Purchase,VIK,15000.0,1,1,18375000.0,0.0816326530612245
2025-Q1,Democrats,Purchase,VST,15000.0,1,1,18375000.0,0.0816326530612245
2025-Q1,Democrats,Purchase,WFC,15000.0,1,1,18375000.0,0.0816326530612245
2025-Q1,Democrats,Purchase,WYNN,15000.0,1,1,18375000.0,0.0816326530612245
2025-Q1,Democrats,Purchase,XYZ,15000.0,1,1,18375000.0,0.0816326530612245
2025-Q1,Democrats,Sale,MSFT,11545000.0,1,7,16495000.0,69.99090633525311
2025-Q1,Democrats,Sale,NVDA,1095000.0,4,5,16495000.0,6.638375265231888
2025-Q1,Democrats,Sale,UBS,500000.0,1,1,16495000.0,3.031221582297666
2025-Q1,Democrats,Sale,PEP,265000.0,2,2,16495000.0,1.6065474386177632
2025-Q1,Democrats,Sale,GIS,250000.0,1,1,16495000.0,1.515610791148833
2025-Q1,Democrats,Sale,FLL,200000.0,1,4,16495000.0,1.2124886329190665
2025-Q1,Democrats,Sale,LLY,115000.0,2,2,16495000.0,0.6971809639284632
2025-Q1,Democrats,Sale,TSLA,95000.0,2,4,16495000.0,0.5759321006365565
2025-Q1,Democrats,Sale,TPX,90000.0,1,6,16495000.0,0.5456198848135798
2025-Q1,Democrats,Sale,BRK.B,65000.0,2,2,16495000.0,0.39405880569869656
2025-Q1,Democrats,Sale,LRCX,65000.0,2,2,16495000.0,0.39405880569869656
2025-Q1,Democrats,Sale,MRK,65000.0,2,2,16495000.0,0.39405880569869656
2025-Q1,Democrats,Sale,ICFI,60000.0,2,4,16495000.0,0.3637465898757199
2025-Q1,Democrats,Sale,AOS,50000.0,1,1,16495000.0,0.3031221582297666
2025-Q1,Democrats,Sale,ARINA,50000.0,1,1,16495000.0,0.3031221582297666
2025-Q1,Democrats,Sale,RVTY,50000.0,1,1,16495000.0,0.3031221582297666
2025-Q1,Democrats,Sale,STT,50000.0,1,1,16495000.0,0.3031221582297666
2025-Q1,Democrats,Sale,TDY,50000.0,1,1,16495000.0,0.3031221582297666
2025-Q1,Democrats,Sale,UNH,50000.0,1,1,16495000.0,0.3031221582297666
2025-Q1,Democrats,Sale,AAPL,45000.0,1,3,16495000.0,0.2728099424067899
2025-Q1,Democrats,Sale,AVGO,45000.0,2,3,16495000.0,0.2728099424067899
2025-Q1,Democrats,Sale,BRO,45000.0,1,3,16495000.0,0.2728099424067899
2025-Q1,Democrats,Sale,CACI,45000.0,2,3,16495000.0,0.2728099424067899
2025-Q1,Democrats,Sale,PYPL,45000.0,2,3,16495000.0,0.2728099424067899
2025-Q1,Democrats,Sale,ABEV,30000.0,1,2,16495000.0,0.18187329493785995
2025-Q1,Democrats,Sale,ANET,30000.0,1,2,16495000.0,0.18187329493785995
2025-Q1,Democrats,Sale,BLK,30000.0,2,2,16495000.0,0.18187329493785995
2025-Q1,Democrats,Sale,BX,30000.0,1,2,16495000.0,0.18187329493785995
2025-Q1,Democrats,Sale,CB,30000.0,1,2,16495000.0,0.18187329493785995
2025-Q1,Democrats,Sale,CLH,30000.0,1,2,16495000.0,0.18187329493785995
2025-Q1,Democrats,Sale,D,30000.0,2,2,16495000.0,0.18187329493785995
2025-Q1,Democrats,Sale,ETN,30000.0,1,2,16495000.0,0.18187329493785995
2025-Q1,Democrats,Sale,KKR,30000.0,1,2,16495000.0,0.18187329493785995
2025-Q1,Democrats,Sale,ORCL,30000.0,1,2,16495000.0,0.18187329493785995
2025-Q1,Democrats,Sale,PCG,30000.0,1,2,16495000.0,0.18187329493785995
2025-Q1,Democrats,Sale,PFE,30000.0,2,2,16495000.0,0.18187329493785995
2025-Q1,Democrats,Sale,REGN,30000.0,2,2,16495000.0,0.18187329493785995
2025-Q1,Democrats,Sale,TT,30000.0,1,2,16495000.0,0.18187329493785995
2025-Q1,Democrats,Sale,UBER,30000.0,1,2,16495000.0,0.18187329493785995
2025-Q1,Democrats,Sale,WBA,30000.0,2,2,16495000.0,0.18187329493785995
2025-Q1,Democrats,Sale,XNGSY,30000.0,1,2,16495000.0,0.18187329493785995
2025-Q1,Democrats,Sale,ABNB,15000.0,1,1,16495000.0,0.09093664746892997
2025-Q1,Democrats,Sale,AES,15000.0,1,1,16495000.0,0.09093664746892997
2025-Q1,Democrats,Sale,AKAM,15000.0,1,1,16495000.0,0.09093664746892997
2025-Q1,Democrats,Sale,ALB,15000.0,1,1,16495000.0,0.09093664746892997
2025-Q1,Democrats,Sale,ALE,15000.0,1,1,16495000.0,0.09093664746892997
2025-Q1,Democrats,Sale,ALGN,15000.0,1,1,16495000.0,0.09093664746892997
2025-Q1,Democrats,Sale,AMZN,15000.0,1,1,16495000.0,0.09093664746892997
2025-Q1,Democrats,Sale,ANSS,15000.0,1,1,16495000.0,0.09093664746892997
2025-Q1,Democrats,Sale,BA,15000.0,1,1,16495000.0,0.09093664746892997
2025-Q1,Democrats,Sale,BSX,15000.0,1,1,16495000.0,0.09093664746892997
2025-Q1,Democrats,Sale,CDNS,15000.0,1,1,16495000.0,0.09093664746892997
2025-Q1,Democrats,Sale,CI,15000.0,1,1,16495000.0,0.09093664746892997
2025-Q1,Democrats,Sale,CMG,15000.0,1,1,16495000.0,0.09093664746892997
2025-Q1,Democrats,Sale,COST,15000.0,1,1,16495000.0,0.09093664746892997
2025-Q1,Democrats,Sale,CSCO,15000.0,1,1,16495000.0,0.09093664746892997
2025-Q1,Democrats,Sale,DASTY,15000.0,1,1,16495000.0,0.09093664746892997
2025-Q1,Democrats,Sale,DELL,15000.0,1,1,16495000.0,0.09093664746892997
2025-Q1,Democrats,Sale,DG,15000.0,1,1,16495000.0,0.09093664746892997
2025-Q1,Democrats,Sale,DHI,15000.0,1,1,16495000.0,0.09093664746892997
2025-Q1,Democrats,Sale,DHR,15000.0,1,1,16495000.0,0.09093664746892997
2025-Q1,Democrats,Sale,DOX,15000.0,1,1,16495000.0,0.09093664746892997
2025-Q1,Democrats,Sale,EIX,15000.0,1,1,16495000.0,0.09093664746892997
2025-Q1,Democrats,Sale,EL,15000.0,1,1,16495000.0,0.09093664746892997
2025-Q1,Democrats,Sale,ENPH,15000.0,1,1,16495000.0,0.09093664746892997
2025-Q1,Democrats,Sale,F,15000.0,1,1,16495000.0,0.09093664746892997
2025-Q1,Democrats,Sale,FICO,15000.0,1,1,16495000.0,0.09093664746892997
2025-Q1,Democrats,Sale,FNA,15000.0,1,1,16495000.0,0.09093664746892997
2025-Q1,Democrats,Sale,GM,15000.0,1,1,16495000.0,0.09093664746892997
2025-Q1,Democrats,Sale,GS,15000.0,1,1,16495000.0,0.09093664746892997
2025-Q1,Democrats,Sale,HD,15000.0,1,1,16495000.0,0.09093664746892997
2025-Q1,Democrats,Sale,HII,15000.0,1,1,16495000.0,0.09093664746892997
2025-Q1,Democrats,Sale,HURC,15000.0,1,1,16495000.0,0.09093664746892997
2025-Q1,Democrats,Sale,IFNNY,15000.0,1,1,16495000.0,0.09093664746892997
2025-Q1,Democrats,Sale,INTA,15000.0,1,1,16495000.0,0.09093664746892997
2025-Q1,Democrats,Sale,INTU,15000.0,1,1,16495000.0,0.09093664746892997
2025-Q1,Democrats,Sale,IRBT,15000.0,1,1,16495000.0,0.09093664746892997
2025-Q1,Democrats,Sale,ISRG,15000.0,1,1,16495000.0,0.09093664746892997
2025-Q1,Democrats,Sale,ITCI,15000.0,1,1,16495000.0,0.09093664746892997
2025-Q1,Democrats,Sale,JNJ,15000.0,1,1,16495000.0,0.09093664746892997
2025-Q1,Democrats,Sale,JNPR,15000.0,1,1,16495000.0,0.09093664746892997
2025-Q1,Democrats,Sale,LDOS,15000.0,1,1,16495000.0,0.09093664746892997
2025-Q1,Democrats,Sale,LUV,15000.0,1,1,16495000.0,0.09093664746892997
2025-Q1,Democrats,Sale,LYV,15000.0,1,1,16495000.0,0.09093664746892997
2025-Q1,Democrats,Sale,MCHP,15000.0,1,1,16495000.0,0.09093664746892997
2025-Q1,Democrats,Sale,MCK,15000.0,1,1,16495000.0,0.09093664746892997
2025-Q1,Democrats,Sale,MDLZ,15000.0,1,1,16495000.0,0.09093664746892997
2025-Q1,Democrats,Sale,MELI,15000.0,1,1,16495000.0,0.09093664746892997
2025-Q1,Democrats,Sale,MKTX,15000.0,1,1,16495000.0,0.09093664746892997
2025-Q1,Democrats,Sale,MS,15000.0,1,1,16495000.0,0.09093664746892997
2025-Q1,Democrats,Sale,NFLX,15000.0,1,1,16495000.0,0.09093664746892997
2025-Q1,Democrats,Sale,NSC,15000.0,1,1,16495000.0,0.09093664746892997
2025-Q1,Democrats,Sale,NTDOY,15000.0,1,1,16495000.0,0.09093664746892997
2025-Q1,Democrats,Sale,PAYX,15000.0,1,1,16495000.0,0.09093664746892997
2025-Q1,Democrats,Sale,PH,15000.0,1,1,16495000.0,0.09093664746892997
2025-Q1,Democrats,Sale,PNC,15000.0,1,1,16495000.0,0.09093664746892997
2025-Q1,Democrats,Sale,PPG,15000.0,1,1,16495000.0,0.09093664746892997
2025-Q1,Democrats,Sale,PWR,15000.0,1,1,16495000.0,0.09093664746892997
2025-Q1,Democrats,Sale,SAIC,15000.0,1,1,16495000.0,0.09093664746892997
2025-Q1,Democrats,Sale,SCHW,15000.0,1,1,16495000.0,0.09093664746892997
2025-Q1,Democrats,Sale,SJM,15000.0,1,1,16495000.0,0.09093664746892997
2025-Q1,Democrats,Sale,SOLV,15000.0,1,1,16495000.0,0.09093664746892997
2025-Q1,Democrats,Sale,SPOT,15000.0,1,1,16495000.0,0.09093664746892997
2025-Q1,Democrats,Sale,TDG,15000.0,1,1,16495000.0,0.09093664746892997
2025-Q1,Democrats,Sale,TFC,15000.0,1,1,16495000.0,0.09093664746892997
2025-Q1,Democrats,Sale,TRMB,15000.0,1,1,16495000.0,0.09093664746892997
2025-Q1,Democrats,Sale,TSM,15000.0,1,1,16495000.0,0.09093664746892997
2025-Q1,Democrats,Sale,VRT,15000.0,1,1,16495000.0,0.09093664746892997
2025-Q1,Democrats,Sale,WST,15000.0,1,1,16495000.0,0.09093664746892997
2025-Q1,Democrats,Sale,XYZ,15000.0,1,1,16495000.0,0.09093664746892997
2025-Q1,Democrats,Sale,ZBH,15000.0,1,1,16495000.0,0.09093664746892997
2025-Q1,Republicans,Purchase,HOG,650000.0,1,6,7095000.0,9.16138125440451
2025-Q1,Republicans,Purchase,F,350000.0,1,5,7095000.0,4.933051444679352
2025-Q1,Republicans,Purchase,AMAT,265000.0,2,2,7095000.0,3.7350246652572237
2025-Q1,Republicans,Purchase,AVGO,250000.0,1,1,7095000.0,3.5236081747709656
2025-Q1,Republicans,Purchase,AMZN,240000.0,5,8,7095000.0,3.382663847780127
2025-Q1,Republicans,Purchase,MSFT,160000.0,4,5,7095000.0,2.255109231853418
2025-Q1,Republicans,Purchase,BITB,150000.0,1,2,7095000.0,2.1141649048625792
2025-Q1,Republicans,Purchase,GS,145000.0,2,5,7095000.0,2.04369274136716
2025-Q1,Republicans,Purchase,ABBV,115000.0,2,2,7095000.0,1.620859760394644
2025-Q1,Republicans,Purchase,AIT,115000.0,1,3,7095000.0,1.620859760394644
2025-Q1,Republicans,Purchase,COHR,115000.0,1,3,7095000.0,1.620859760394644
2025-Q1,Republicans,Purchase,CRDO,115000.0,1,3,7095000.0,1.620859760394644
2025-Q1,Republicans,Purchase,DELL,115000.0,1,3,7095000.0,1.620859760394644
2025-Q1,Republicans,Purchase,IRM,115000.0,1,3,7095000.0,1.620859760394644
2025-Q1,Republicans,Purchase,LRN,115000.0,1,3,7095000.0,1.620859760394644
2025-Q1,Republicans,Purchase,MTZ,115000.0,1,3,7095000.0,1.620859760394644
2025-Q1,Republicans,Purchase,PRMB,115000.0,1,3,7095000.0,1.620859760394644
2025-Q1,Republicans,Purchase,WAB,115000.0,1,3,7095000.0,1.620859760394644
2025-Q1,Republicans,Purchase,ACN,100000.0,1,1,7095000.0,1.4094432699083863
2025-Q1,Republicans,Purchase,GE,100000.0,1,1,7095000.0,1.4094432699083863
2025-Q1,Republicans,Purchase,HWM,100000.0,1,1,7095000.0,1.4094432699083863
2025-Q1,Republicans,Purchase,LPLA,100000.0,1,1,7095000.0,1.4094432699083863
2025-Q1,Republicans,Purchase,MU,100000.0,1,1,7095000.0,1.4094432699083863
2025-Q1,Republicans,Purchase,XOM,100000.0,1,1,7095000.0,1.4094432699083863
2025-Q1,Republicans,Purchase,NVDA,95000.0,3,4,7095000.0,1.3389711064129668
2025-Q1,Republicans,Purchase,BABA,90000.0,1,6,7095000.0,1.2684989429175475
2025-Q1,Republicans,Purchase,INTC,90000.0,2,6,7095000.0,1.2684989429175475
2025-Q1,Republicans,Purchase,LMT,80000.0,1,3,7095000.0,1.127554615926709
2025-Q1,Republicans,Purchase,ADBE,65000.0,2,2,7095000.0,0.9161381254404511
2025-Q1,Republicans,Purchase,DVN,65000.0,2,2,7095000.0,0.9161381254404511
2025-Q1,Republicans,Purchase,CRWD,60000.0,2,4,7095000.0,0.8456659619450317
2025-Q1,Republicans,Purchase,TTWO,60000.0,1,4,7095000.0,0.8456659619450317
2025-Q1,Republicans,Purchase,ACGL,50000.0,1,1,7095000.0,0.7047216349541932
2025-Q1,Republicans,Purchase,AMGN,50000.0,1,1,7095000.0,0.7047216349541932
2025-Q1,Republicans,Purchase,APD,50000.0,1,1,7095000.0,0.7047216349541932
2025-Q1,Republicans,Purchase,APP,50000.0,1,1,7095000.0,0.7047216349541932
2025-Q1,Republicans,Purchase,BC,50000.0,1,1,7095000.0,0.7047216349541932
2025-Q1,Republicans,Purchase,BUSE,50000.0,1,1,7095000.0,0.7047216349541932
2025-Q1,Republicans,Purchase,CI,50000.0,1,1,7095000.0,0.7047216349541932
2025-Q1,Republicans,Purchase,CSGP,50000.0,1,1,7095000.0,0.7047216349541932
2025-Q1,Republicans,Purchase,ELV,50000.0,1,1,7095000.0,0.7047216349541932
2025-Q1,Republicans,Purchase,EXPO,50000.0,1,1,7095000.0,0.7047216349541932
2025-Q1,Republicans,Purchase,FIS,50000.0,1,1,7095000.0,0.7047216349541932
2025-Q1,Republicans,Purchase,HD,50000.0,1,1,7095000.0,0.7047216349541932
2025-Q1,Republicans,Purchase,IBIT,50000.0,1,1,7095000.0,0.7047216349541932
2025-Q1,Republicans,Purchase,IQV,50000.0,1,1,7095000.0,0.7047216349541932
2025-Q1,Republicans,Purchase,JNJ,50000.0,1,1,7095000.0,0.7047216349541932
2025-Q1,Republicans,Purchase,LHX,50000.0,1,1,7095000.0,0.7047216349541932
2025-Q1,Republicans,Purchase,LOW,50000.0,1,1,7095000.0,0.7047216349541932
2025-Q1,Republicans,Purchase,MRK,50000.0,1,1,7095000.0,0.7047216349541932
2025-Q1,Republicans,Purchase,MSTR,50000.0,1,1,7095000.0,0.7047216349541932
2025-Q1,Republicans,Purchase,NVT,50000.0,1,1,7095000.0,0.7047216349541932
2025-Q1,Republicans,Purchase,ORCL,50000.0,1,1,7095000.0,0.7047216349541932
2025-Q1,Republicans,Purchase,OXY,50000.0,1,1,7095000.0,0.7047216349541932
2025-Q1,Republicans,Purchase,PFE,50000.0,1,1,7095000.0,0.7047216349541932
2025-Q1,Republicans,Purchase,PHM,50000.0,1,1,7095000.0,0.7047216349541932
2025-Q1,Republicans,Purchase,PLD,50000.0,1,1,7095000.0,0.7047216349541932
2025-Q1,Republicans,Purchase,PM,50000.0,1,1,7095000.0,0.7047216349541932
2025-Q1,Republicans,Purchase,QCOM,50000.0,1,1,7095000.0,0.7047216349541932
2025-Q1,Republicans,Purchase,RGLD,50000.0,1,1,7095000.0,0.7047216349541932
2025-Q1,Republicans,Purchase,RTX,50000.0,1,1,7095000.0,0.7047216349541932
2025-Q1,Republicans,Purchase,SHW,50000.0,1,1,7095000.0,0.7047216349541932
2025-Q1,Republicans,Purchase,SMCYY,50000.0,1,1,7095000.0,0.7047216349541932
2025-Q1,Republicans,Purchase,SPG,50000.0,1,1,7095000.0,0.7047216349541932
2025-Q1,Republicans,Purchase,TJX,50000.0,1,1,7095000.0,0.7047216349541932
2025-Q1,Republicans,Purchase,UNP,50000.0,1,1,7095000.0,0.7047216349541932
2025-Q1,Republicans,Purchase,VRTX,50000.0,1,1,7095000.0,0.7047216349541932
2025-Q1,Republicans,Purchase,TBLL,45000.0,1,3,7095000.0,0.6342494714587738
2025-Q1,Republicans,Purchase,TEAM,45000.0,1,3,7095000.0,0.6342494714587738
2025-Q1,Republicans,Purchase,ZM,45000.0,1,3,7095000.0,0.6342494714587738
2025-Q1,Republicans,Purchase,AAPL,30000.0,1,2,7095000.0,0.42283298097251587
2025-Q1,Republicans,Purchase,AXP,30000.0,1,2,7095000.0,0.42283298097251587
2025-Q1,Republicans,Purchase,DG,30000.0,1,2,7095000.0,0.42283298097251587
2025-Q1,Republicans,Purchase,MA,30000.0,1,2,7095000.0,0.42283298097251587
2025-Q1,Republicans,Purchase,NOW,30000.0,1,2,7095000.0,0.42283298097251587
2025-Q1,Republicans,Purchase,SNOW,30000.0,1,2,7095000.0,0.42283298097251587
2025-Q1,Republicans,Purchase,UPS,30000.0,1,2,7095000.0,0.42283298097251587
2025-Q1,Republicans,Purchase,ARLP,15000.0,1,1,7095000.0,0.21141649048625794
2025-Q1,Republicans,Purchase,BSX,15000.0,1,1,7095000.0,0.21141649048625794
2025-Q1,Republicans,Purchase,BX,15000.0,1,1,7095000.0,0.21141649048625794
2025-Q1,Republicans,Purchase,CAH,15000.0,1,1,7095000.0,0.21141649048625794
2025-Q1,Republicans,Purchase,CAT,15000.0,1,1,7095000.0,0.21141649048625794
2025-Q1,Republicans,Purchase,CEG,15000.0,1,1,7095000.0,0.21141649048625794
2025-Q1,Republicans,Purchase,CRM,15000.0,1,1,7095000.0,0.21141649048625794
2025-Q1,Republicans,Purchase,DLR,15000.0,1,1,7095000.0,0.21141649048625794
2025-Q1,Republicans,Purchase,ECL,15000.0,1,1,7095000.0,0.21141649048625794
2025-Q1,Republicans,Purchase,ET,15000.0,1,1,7095000.0,0.21141649048625794
2025-Q1,Republicans,Purchase,GDDY,15000.0,1,1,7095000.0,0.21141649048625794
2025-Q1,Republicans,Purchase,GOOG,15000.0,1,1,7095000.0,0.21141649048625794
2025-Q1,Republicans,Purchase,GOOGL,15000.0,1,1,7095000.0,0.21141649048625794
2025-Q1,Republicans,Purchase,KMI,15000.0,1,1,7095000.0,0.21141649048625794
2025-Q1,Republicans,Purchase,LITP,15000.0,1,1,7095000.0,0.21141649048625794
2025-Q1,Republicans,Purchase,MDLZ,15000.0,1,1,7095000.0,0.21141649048625794
2025-Q1,Republicans,Purchase,META,15000.0,1,1,7095000.0,0.21141649048625794
2025-Q1,Republicans,Purchase,MNDY,15000.0,1,1,7095000.0,0.21141649048625794
2025-Q1,Republicans,Purchase,MSI,15000.0,1,1,7095000.0,0.21141649048625794
2025-Q1,Republicans,Purchase,MTSI,15000.0,1,1,7095000.0,0.21141649048625794
2025-Q1,Republicans,Purchase,NET,15000.0,1,1,7095000.0,0.21141649048625794
2025-Q1,Republicans,Purchase,NRG,15000.0,1,1,7095000.0,0.21141649048625794
2025-Q1,Republicans,Purchase,NSC,15000.0,1,1,7095000.0,0.21141649048625794
2025-Q1,Republicans,Purchase,PI,15000.0,1,1,7095000.0,0.21141649048625794
2025-Q1,Republicans,Purchase,PLTR,15000.0,1,1,7095000.0,0.21141649048625794
2025-Q1,Republicans,Purchase,RDDT,15000.0,1,1,7095000.0,0.21141649048625794
2025-Q1,Republicans,Purchase,TSLA,15000.0,1,1,7095000.0,0.21141649048625794
2025-Q1,Republicans,Purchase,URNM,15000.0,1,1,7095000.0,0.21141649048625794
2025-Q1,Republicans,Purchase,WFC,15000.0,1,1,7095000.0,0.21141649048625794
2025-Q1,Republicans,Sale,BWIN,5050000.0,1,2,17030000.0,29.653552554315915
2025-Q1,Republicans,Sale,RUM,5000000.0,1,1,17030000.0,29.359953024075164
2025-Q1,Republicans,Sale,NGL,1900000.0,1,5,17030000.0,11.156782149148562
2025-Q1,Republicans,Sale,HOG,700000.0,2,5,17030000.0,4.110393423370522
2025-Q1,Republicans,Sale,SMCYY,250000.0,1,1,17030000.0,1.4679976512037582
2025-Q1,Republicans,Sale,VAW,250000.0,1,1,17030000.0,1.4679976512037582
2025-Q1,Republicans,Sale,MSFT,240000.0,4,8,17030000.0,1.4092777451556078
2025-Q1,Republicans,Sale,COST,130000.0,1,3,17030000.0,0.7633587786259541
2025-Q1,Republicans,Sale,BLK,115000.0,2,2,17030000.0,0.6752789195537288
2025-Q1,Republicans,Sale,AMD,100000.0,1,1,17030000.0,0.5871990604815032
2025-Q1,Republicans,Sale,CAT,100000.0,1,1,17030000.0,0.5871990604815032
2025-Q1,Republicans,Sale,F,100000.0,1,1,17030000.0,0.5871990604815032
2025-Q1,Republicans,Sale,ITT,100000.0,1,1,17030000.0,0.5871990604815032
2025-Q1,Republicans,Sale,OKTA,100000.0,1,1,17030000.0,0.5871990604815032
2025-Q1,Republicans,Sale,PG,100000.0,1,1,17030000.0,0.5871990604815032
2025-Q1,Republicans,Sale,PWR,100000.0,1,1,17030000.0,0.5871990604815032
2025-Q1,Republicans,Sale,AAPL,80000.0,2,3,17030000.0,0.46975924838520255
2025-Q1,Republicans,Sale,HOOD,75000.0,1,5,17030000.0,0.4403992953611274
2025-Q1,Republicans,Sale,CMCSA,65000.0,2,2,17030000.0,0.38167938931297707
2025-Q1,Republicans,Sale,LOW,65000.0,2,2,17030000.0,0.38167938931297707
2025-Q1,Republicans,Sale,AHL.C,50000.0,1,1,17030000.0,0.2935995302407516
2025-Q1,Republicans,Sale,AKAM,50000.0,1,1,17030000.0,0.2935995302407516
2025-Q1,Republicans,Sale,ALB,50000.0,1,1,17030000.0,0.2935995302407516
2025-Q1,Republicans,Sale,AVB,50000.0,1,1,17030000.0,0.2935995302407516
2025-Q1,Republicans,Sale,BA,50000.0,1,1,17030000.0,0.2935995302407516
2025-Q1,Republicans,Sale,BRK,50000.0,1,1,17030000.0,0.2935995302407516
2025-Q1,Republicans,Sale,CVS,50000.0,1,1,17030000.0,0.2935995302407516
2025-Q1,Republicans,Sale,DEO,50000.0,1,1,17030000.0,0.2935995302407516
2025-Q1,Republicans,Sale,DHR,50000.0,1,1,17030000.0,0.2935995302407516
2025-Q1,Republicans,Sale,EPAM,50000.0,1,1,17030000.0,0.2935995302407516
2025-Q1,Republicans,Sale,EZU,50000.0,1,1,17030000.0,0.2935995302407516
2025-Q1,Republicans,Sale,HAL,50000.0,1,1,17030000.0,0.2935995302407516
2025-Q1,Republicans,Sale,HON,50000.0,1,1,17030000.0,0.2935995302407516
2025-Q1,Republicans,Sale,HOPE,50000.0,1,1,17030000.0,0.2935995302407516
2025-Q1,Republicans,Sale,HUBB,50000.0,1,1,17030000.0,0.2935995302407516
2025-Q1,Republicans,Sale,IEFA,50000.0,1,1,17030000.0,0.2935995302407516
2025-Q1,Republicans,Sale,IEX,50000.0,1,1,17030000.0,0.2935995302407516
2025-Q1,Republicans,Sale,INTU,50000.0,1,1,17030000.0,0.2935995302407516
2025-Q1,Republicans,Sale,LEN,50000.0,1,1,17030000.0,0.2935995302407516
2025-Q1,Republicans,Sale,LIN,50000.0,1,1,17030000.0,0.2935995302407516
2025-Q1,Republicans,Sale,NSC,50000.0,1,1,17030000.0,0.2935995302407516
2025-Q1,Republicans,Sale,PRI,50000.0,1,1,17030000.0,0.2935995302407516
2025-Q1,Republicans,Sale,ROK,50000.0,1,1,17030000.0,0.2935995302407516
2025-Q1,Republicans,Sale,RPD,50000.0,1,1,17030000.0,0.2935995302407516
2025-Q1,Republicans,Sale,STZ,50000.0,1,1,17030000.0,0.2935995302407516
2025-Q1,Republicans,Sale,SYK,50000.0,1,1,17030000.0,0.2935995302407516
2025-Q1,Republicans,Sale,TJX,50000.0,1,1,17030000.0,0.2935995302407516
2025-Q1,Republicans,Sale,TSCO,50000.0,1,1,17030000.0,0.2935995302407516
2025-Q1,Republicans,Sale,TXN,50000.0,1,1,17030000.0,0.2935995302407516
2025-Q1,Republicans,Sale,UNH,50000.0,1,1,17030000.0,0.2935995302407516
2025-Q1,Republicans,Sale,UPS,50000.0,1,1,17030000.0,0.2935995302407516
2025-Q1,Republicans,Sale,XYZ,50000.0,1,1,17030000.0,0.2935995302407516
2025-Q1,Republicans,Sale,CRDO,45000.0,1,3,17030000.0,0.26423957721667646
2025-Q1,Republicans,Sale,IVW,45000.0,1,3,17030000.0,0.26423957721667646
2025-Q1,Republicans,Sale,MANH,45000.0,1,3,17030000.0,0.26423957721667646
2025-Q1,Republicans,Sale,META,45000.0,1,3,17030000.0,0.26423957721667646
2025-Q1,Republicans,Sale,NVDA,45000.0,1,3,17030000.0,0.26423957721667646
2025-Q1,Republicans,Sale,TTD,45000.0,3,3,17030000.0,0.26423957721667646
2025-Q1,Republicans,Sale,ABT,30000.0,2,2,17030000.0,0.17615971814445097
2025-Q1,Republicans,Sale,CSCO,30000.0,2,2,17030000.0,0.17615971814445097
2025-Q1,Republicans,Sale,JPM,30000.0,2,2,17030000.0,0.17615971814445097
2025-Q1,Republicans,Sale,ACN,15000.0,1,1,17030000.0,0.08807985907222549
2025-Q1,Republicans,Sale,AFL,15000.0,1,1,17030000.0,0.08807985907222549
2025-Q1,Republicans,Sale,ALAB,15000.0,1,1,17030000.0,0.08807985907222549
2025-Q1,Republicans,Sale,ANET,15000.0,1,1,17030000.0,0.08807985907222549
2025-Q1,Republicans,Sale,AVGO,15000.0,1,1,17030000.0,0.08807985907222549
2025-Q1,Republicans,Sale,BAC,15000.0,1,1,17030000.0,0.08807985907222549
2025-Q1,Republicans,Sale,CARR,15000.0,1,1,17030000.0,0.08807985907222549
2025-Q1,Republicans,Sale,CB,15000.0,1,1,17030000.0,0.08807985907222549
2025-Q1,Republicans,Sale,DIS,15000.0,1,1,17030000.0,0.08807985907222549
2025-Q1,Republicans,Sale,EBAY,15000.0,1,1,17030000.0,0.08807985907222549
2025-Q1,Republicans,Sale,EMLP,15000.0,1,1,17030000.0,0.08807985907222549
2025-Q1,Republicans,Sale,FTGC,15000.0,1,1,17030000.0,0.08807985907222549
2025-Q1,Republicans,Sale,GD,15000.0,1,1,17030000.0,0.08807985907222549
2025-Q1,Republicans,Sale,GWW,15000.0,1,1,17030000.0,0.08807985907222549
2025-Q1,Republicans,Sale,HPQ,15000.0,1,1,17030000.0,0.08807985907222549
2025-Q1,Republicans,Sale,ITW,15000.0,1,1,17030000.0,0.08807985907222549
2025-Q1,Republicans,Sale,KO,15000.0,1,1,17030000.0,0.08807985907222549
2025-Q1,Republicans,Sale,LRCX,15000.0,1,1,17030000.0,0.08807985907222549
2025-Q1,Republicans,Sale,MAGN,15000.0,1,1,17030000.0,0.08807985907222549
2025-Q1,Republicans,Sale,MRP,15000.0,1,1,17030000.0,0.08807985907222549
2025-Q1,Republicans,Sale,ON,15000.0,1,1,17030000.0,0.08807985907222549
2025-Q1,Republicans,Sale,ORCL,15000.0,1,1,17030000.0,0.08807985907222549
2025-Q1,Republicans,Sale,PFE,15000.0,1,1,17030000.0,0.08807985907222549
2025-Q1,Republicans,Sale,PRNDY,15000.0,1,1,17030000.0,0.08807985907222549
2025-Q1,Republicans,Sale,PSX,15000.0,1,1,17030000.0,0.08807985907222549
2025-Q1,Republicans,Sale,QQQ,15000.0,1,1,17030000.0,0.08807985907222549
2025-Q1,Republicans,Sale,QSR,15000.0,1,1,17030000.0,0.08807985907222549
2025-Q1,Republicans,Sale,RLI,15000.0,1,1,17030000.0,0.08807985907222549
2025-Q1,Republicans,Sale,SPY,15000.0,1,1,17030000.0,0.08807985907222549
2025-Q1,Republicans,Sale,YUM,15000.0,1,1,17030000.0,0.08807985907222549
