Quarter,PartyName,Party,Representative,Ticker,Transaction,StandardizedTransaction,TradeAmount_UpperRange_$,Range,Date,TransactionDate,PriceChange,SPYChange,BioGuideID,ReportDate,House,Amount,last_modified,TickerType,Description,ExcessReturn
2025-Q1,Republicans,R,Marjorie Taylor Greene,AAPL,Purchase,Purchase,15000.0,"$1,001 - $15,000",2025-03-17,2025-03-17,1.99532710280374,-0.220555800617552,G000596,2025-03-19,Representatives,1001.0,2025-03-20,ST,,2.2158829034213
2025-Q1,Republicans,R,Marjorie Taylor Greene,CAH,Purchase,Purchase,15000.0,"$1,001 - $15,000",2025-03-17,2025-03-17,1.43043912943166,-0.220555800617552,G000596,2025-03-19,Representatives,1001.0,2025-03-20,ST,,1.65099493004921
2025-Q1,Republicans,R,Marjorie Taylor Greene,CAT,Purchase,Purchase,15000.0,"$1,001 - $15,000",2025-03-17,2025-03-17,-2.00210133084287,-0.220555800617552,G000596,2025-03-19,Representatives,1001.0,2025-03-20,ST,,-1.78154553022532
2025-Q1,Republicans,R,Marjorie Taylor Greene,GOOG,Purchase,Purchase,15000.0,"$1,001 - $15,000",2025-03-17,2025-03-17,-0.192111424626279,-0.220555800617552,G000596,2025-03-19,Representatives,1001.0,2025-03-20,ST,,0.0284443759912728
2025-Q1,Republicans,R,Marjorie Taylor Greene,ABBV,Purchase,Purchase,15000.0,"$1,001 - $15,000",2025-03-17,2025-03-17,-2.0795449246981,-0.220555800617552,G000596,2025-03-19,Representatives,1001.0,2025-03-20,ST,,-1.85898912408054
2025-Q1,Republicans,R,Marjorie Taylor Greene,UPS,Purchase,Purchase,15000.0,"$1,001 - $15,000",2025-03-17,2025-03-17,-2.50719972895139,-0.220555800617552,G000596,2025-03-19,Representatives,1001.0,2025-03-20,ST,,-2.28664392833384
2025-Q1,Republicans,R,Marjorie Taylor Greene,BX,Purchase,Purchase,15000.0,"$1,001 - $15,000",2025-03-17,2025-03-17,0.345107592367026,-0.220555800617552,G000596,2025-03-19,Representatives,1001.0,2025-03-20,ST,,0.565663392984578
2025-Q1,Republicans,R,Marjorie Taylor Greene,DLR,Purchase,Purchase,15000.0,"$1,001 - $15,000",2025-03-17,2025-03-17,-0.968060586104708,-0.220555800617552,G000596,2025-03-19,Representatives,1001.0,2025-03-20,ST,,-0.747504785487156
2025-Q1,Republicans,R,Marjorie Taylor Greene,KMI,Purchase,Purchase,15000.0,"$1,001 - $15,000",2025-03-17,2025-03-17,0.503778337531488,-0.220555800617552,G000596,2025-03-19,Representatives,1001.0,2025-03-20,ST,,0.72433413814904
2025-Q1,Republicans,R,Marjorie Taylor Greene,NVDA,Purchase,Purchase,15000.0,"$1,001 - $15,000",2025-03-17,2025-03-17,-1.53099640257676,-0.220555800617552,G000596,2025-03-19,Representatives,1001.0,2025-03-20,ST,,-1.31044060195921
2025-Q1,Republicans,R,Marjorie Taylor Greene,AMAT,Purchase,Purchase,15000.0,"$1,001 - $15,000",2025-03-17,2025-03-17,-2.14846262704233,-0.220555800617552,G000596,2025-03-19,Representatives,1001.0,2025-03-20,ST,,-1.92790682642478
2025-Q1,Republicans,R,Scott Scott Franklin,AMZN,Purchase,Purchase,15000.0,"$1,001 - $15,000",2025-02-26,2025-02-26,-8.46279449498483,-4.84499314128944,F000472,2025-03-18,Representatives,1001.0,2025-03-19,ST,,-3.61780135369539
2025-Q1,Republicans,R,Scott Scott Franklin,AMZN,Purchase,Purchase,15000.0,"$1,001 - $15,000",2025-02-26,2025-02-26,-8.46279449498483,-4.84499314128944,F000472,2025-03-18,Representatives,1001.0,2025-03-19,ST,,-3.61780135369539
2025-Q1,Republicans,R,Scott Scott Franklin,AMZN,Purchase,Purchase,100000.0,"$50,001 - $100,000",2025-02-26,2025-02-26,-8.46279449498483,-4.84499314128944,F000472,2025-03-18,Representatives,50001.0,2025-03-19,ST,,-3.61780135369539
2025-Q1,Republicans,R,Scott Scott Franklin,LMT,Purchase,Purchase,15000.0,"$1,001 - $15,000",2025-02-18,2025-02-18,2.60419097400475,-7.4780814853017,F000472,2025-03-18,Representatives,1001.0,2025-03-19,ST,,10.0822724593064
2025-Q1,Republicans,R,Scott Scott Franklin,LMT,Purchase,Purchase,15000.0,"$1,001 - $15,000",2025-02-18,2025-02-18,2.60419097400475,-7.4780814853017,F000472,2025-03-18,Representatives,1001.0,2025-03-19,ST,,10.0822724593064
2025-Q1,Republicans,R,Scott Scott Franklin,LMT,Purchase,Purchase,50000.0,"$15,001 - $50,000",2025-02-18,2025-02-18,2.60419097400475,-7.4780814853017,F000472,2025-03-18,Representatives,15001.0,2025-03-19,ST,,10.0822724593064
2025-Q1,Republicans,R,Thomas H. Kean Jr,AMZN,Purchase,Purchase,15000.0,"$1,001 - $15,000",2025-02-26,2025-02-26,-8.46279449498483,-4.84499314128944,K000398,2025-03-14,Representatives,1001.0,2025-03-14,ST,,-3.61780135369539
2025-Q1,Republicans,R,Thomas H. Kean Jr,MDLZ,Purchase,Purchase,15000.0,"$1,001 - $15,000",2025-02-07,2025-02-07,10.3678357570573,-5.78413618254257,K000398,2025-03-14,Representatives,1001.0,2025-03-14,ST,,16.1519719395999
2025-Q1,Republicans,R,A. Mitchell Jr. McConnell,WFC,Purchase,Purchase,15000.0,"$1,001 - $15,000",2025-03-03,2025-03-03,-5.85486174217838,-3.10288311107799,M000355,2025-03-12,Senate,1001.0,2025-03-13,Stock,,-2.75197863110038
2025-Q1,Republicans,R,Tim Moore,F,Purchase,Purchase,50000.0,"$15,001 - $50,000",2025-02-13,2025-02-13,6.95187165775401,-7.20744823158007,M001236,2025-03-11,Representatives,15001.0,2025-03-12,ST,,14.1593198893341
2025-Q1,Republicans,R,Tim Moore,HOG,Purchase,Purchase,100000.0,"$50,001 - $100,000",2025-02-12,2025-02-12,-5.36193029490616,-6.22735711324597,M001236,2025-03-11,Representatives,50001.0,2025-03-12,ST,,0.865426818339808
2025-Q1,Republicans,R,Tim Moore,F,Purchase,Purchase,50000.0,"$15,001 - $50,000",2025-02-10,2025-02-10,8.22510822510822,-6.45329497437741,M001236,2025-03-11,Representatives,15001.0,2025-03-12,ST,,14.6784031994856
2025-Q1,Republicans,R,Tim Moore,F,Purchase,Purchase,100000.0,"$50,001 - $100,000",2025-02-07,2025-02-07,8.22510822510822,-5.78413618254257,M001236,2025-03-11,Representatives,50001.0,2025-03-12,ST,,14.0092444076508
2025-Q1,Republicans,R,Tim Moore,HOG,Purchase,Purchase,250000.0,"$100,001 - $250,000",2025-02-06,2025-02-06,-7.52245508982035,-6.69990315985797,M001236,2025-03-11,Representatives,100001.0,2025-03-12,ST,,-0.822551929962382
2025-Q1,Republicans,R,Tim Moore,F,Purchase,Purchase,50000.0,"$15,001 - $50,000",2025-02-06,2025-02-06,7.99136069114471,-6.69990315985797,M001236,2025-03-11,Representatives,15001.0,2025-03-12,ST,,14.6912638510027
2025-Q1,Republicans,R,Tim Moore,F,Purchase,Purchase,100000.0,"$50,001 - $100,000",2025-02-04,2025-02-04,-1.5748031496063,-5.97994036324208,M001236,2025-03-11,Representatives,50001.0,2025-03-12,ST,,4.40513721363578
2025-Q1,Republicans,R,Tim Moore,HOG,Purchase,Purchase,100000.0,"$50,001 - $100,000",2025-02-04,2025-02-04,-7.86726323639075,-5.97994036324208,M001236,2025-03-11,Representatives,50001.0,2025-03-12,ST,,-1.88732287314867
2025-Q1,Republicans,R,Tim Moore,SMCYY,Purchase,Purchase,50000.0,"$15,001 - $50,000",2025-02-04,2025-02-04,,,M001236,2025-03-11,Representatives,15001.0,2025-03-12,ST,,
2025-Q1,Republicans,R,Rob Bresnahan,BABA,Purchase,Purchase,15000.0,"$1,001 - $15,000",2025-02-21,2025-02-21,-5.98956521739131,-5.70729497054826,B001327,2025-03-10,Representatives,1001.0,2025-03-11,ST,,-0.282270246843058
2025-Q1,Republicans,R,Rob Bresnahan,INTC,Purchase,Purchase,15000.0,"$1,001 - $15,000",2025-02-20,2025-02-20,-7.01418167880413,-7.31159807589524,B001327,2025-03-10,Representatives,1001.0,2025-03-11,ST,,0.297416397091103
2025-Q1,Republicans,R,Rob Bresnahan,INTC,Purchase,Purchase,15000.0,"$1,001 - $15,000",2025-02-14,2025-02-14,2.79661016949153,-7.21075817296546,B001327,2025-03-10,Representatives,1001.0,2025-03-11,ST,,10.007368342457
2025-Q1,Republicans,R,Rob Bresnahan,RDDT,Purchase,Purchase,15000.0,"$1,001 - $15,000",2025-02-14,2025-02-14,-41.0836134025868,-7.21075817296546,B001327,2025-03-10,Representatives,1001.0,2025-03-11,ST,,-33.8728552296214
2025-Q1,Republicans,R,Marjorie Taylor Greene,CRWD,Purchase,Purchase,15000.0,"$1,001 - $15,000",2025-03-07,2025-03-07,8.61769115442279,-1.74689807557931,G000596,2025-03-09,Representatives,1001.0,2025-03-10,ST,,10.3645892300021
2025-Q1,Republicans,R,Marjorie Taylor Greene,TSLA,Purchase,Purchase,15000.0,"$1,001 - $15,000",2025-03-07,2025-03-07,-5.31465336734306,-1.74689807557931,G000596,2025-03-09,Representatives,1001.0,2025-03-10,ST,,-3.56775529176375
2025-Q1,Republicans,R,Marjorie Taylor Greene,DG,Purchase,Purchase,15000.0,"$1,001 - $15,000",2025-03-07,2025-03-07,2.2238514173998,-1.74689807557931,G000596,2025-03-09,Representatives,1001.0,2025-03-10,ST,,3.97074949297911
2025-Q1,Republicans,R,Marjorie Taylor Greene,GS,Purchase,Purchase,15000.0,"$1,001 - $15,000",2025-03-07,2025-03-07,0.977361659549382,-1.74689807557931,G000596,2025-03-09,Representatives,1001.0,2025-03-10,ST,,2.72425973512869
2025-Q1,Republicans,R,Marjorie Taylor Greene,PI,Purchase,Purchase,15000.0,"$1,001 - $15,000",2025-03-03,2025-03-03,2.87244956115353,-3.10288311107799,G000596,2025-03-09,Representatives,1001.0,2025-03-10,ST,,5.97533267223153
2025-Q1,Republicans,R,Marjorie Taylor Greene,IBIT,Purchase,Purchase,50000.0,"$15,001 - $50,000",2025-03-03,2025-03-03,-2.45398773006134,-3.10288311107799,G000596,2025-03-09,Representatives,15001.0,2025-03-10,ST,,0.648895381016654
2025-Q1,Republicans,R,Marjorie Taylor Greene,DG,Purchase,Purchase,15000.0,"$1,001 - $15,000",2025-03-03,2025-03-03,16.3722353595771,-3.10288311107799,G000596,2025-03-09,Representatives,1001.0,2025-03-10,ST,,19.4751184706551
2025-Q1,Republicans,R,Jefferson Shreve,PLD,Purchase,Purchase,50000.0,"$15,001 - $50,000",2025-02-24,2025-02-24,-10.1963058063447,-5.25913246166733,S001229,2025-03-09,Representatives,15001.0,2025-03-10,ST,PORTFOLIO REBALANCE,-4.9371733446774
2025-Q1,Republicans,R,Jefferson Shreve,CI,Purchase,Purchase,50000.0,"$15,001 - $50,000",2025-02-24,2025-02-24,5.19234602352003,-5.25913246166733,S001229,2025-03-09,Representatives,15001.0,2025-03-10,ST,PORTFOLIO REBALANCE,10.4514784851874
2025-Q1,Republicans,R,Jefferson Shreve,GE,Purchase,Purchase,100000.0,"$50,001 - $100,000",2025-02-24,2025-02-24,2.72759297468672,-5.25913246166733,S001229,2025-03-09,Representatives,50001.0,2025-03-10,ST,PORTFOLIO REBALANCE,7.98672543635406
2025-Q1,Republicans,R,Jefferson Shreve,BUSE,Purchase,Purchase,50000.0,"$15,001 - $50,000",2025-02-24,2025-02-24,-8.125,-5.25913246166733,S001229,2025-03-09,Representatives,15001.0,2025-03-10,ST,PORTFOLIO REBALANCE,-2.86586753833266
2025-Q1,Republicans,R,Jefferson Shreve,NVDA,Purchase,Purchase,50000.0,"$15,001 - $50,000",2025-02-24,2025-02-24,-9.65612526865213,-5.25913246166733,S001229,2025-03-09,Representatives,15001.0,2025-03-10,ST,PORTFOLIO REBALANCE,-4.3969928069848
2025-Q1,Republicans,R,Jefferson Shreve,QCOM,Purchase,Purchase,50000.0,"$15,001 - $50,000",2025-02-24,2025-02-24,-2.65673494723774,-5.25913246166733,S001229,2025-03-09,Representatives,15001.0,2025-03-10,ST,PORTFOLIO REBALANCE,2.60239751442959
2025-Q1,Republicans,R,Jefferson Shreve,DVN,Purchase,Purchase,50000.0,"$15,001 - $50,000",2025-02-24,2025-02-24,-3.10908603591531,-5.25913246166733,S001229,2025-03-09,Representatives,15001.0,2025-03-10,ST,PORTFOLIO REBALANCE,2.15004642575202
2025-Q1,Republicans,R,Jefferson Shreve,ACGL,Purchase,Purchase,50000.0,"$15,001 - $50,000",2025-02-24,2025-02-24,2.71356783919599,-5.25913246166733,S001229,2025-03-09,Representatives,15001.0,2025-03-10,ST,PORTFOLIO REBALANCE,7.97270030086332
2025-Q1,Republicans,R,Jefferson Shreve,ELV,Purchase,Purchase,50000.0,"$15,001 - $50,000",2025-02-24,2025-02-24,10.8835591548565,-5.25913246166733,S001229,2025-03-09,Representatives,15001.0,2025-03-10,ST,PORTFOLIO REBALANCE,16.1426916165238
2025-Q1,Republicans,R,Jefferson Shreve,AVGO,Purchase,Purchase,250000.0,"$100,001 - $250,000",2025-02-24,2025-02-24,-7.82474871350936,-5.25913246166733,S001229,2025-03-09,Representatives,100001.0,2025-03-10,ST,,-2.56561625184203
2025-Q1,Republicans,R,Jefferson Shreve,XOM,Purchase,Purchase,100000.0,"$50,001 - $100,000",2025-02-24,2025-02-24,3.80156376381774,-5.25913246166733,S001229,2025-03-09,Representatives,50001.0,2025-03-10,ST,PORTFOLIO REBALANCE,9.06069622548508
2025-Q1,Republicans,R,Jefferson Shreve,MSTR,Purchase,Purchase,50000.0,"$15,001 - $50,000",2025-02-24,2025-02-24,7.5116706747772,-5.25913246166733,S001229,2025-03-09,Representatives,15001.0,2025-03-10,ST,PORTFOLIO REBALANCE,12.7708031364445
2025-Q1,Republicans,R,Jefferson Shreve,VRTX,Purchase,Purchase,50000.0,"$15,001 - $50,000",2025-02-24,2025-02-24,4.47420325962836,-5.25913246166733,S001229,2025-03-09,Representatives,15001.0,2025-03-10,ST,PORTFOLIO REBALANCE,9.7333357212957
2025-Q1,Republicans,R,Jefferson Shreve,OXY,Purchase,Purchase,50000.0,"$15,001 - $50,000",2025-02-24,2025-02-24,-3.85078219013237,-5.25913246166733,S001229,2025-03-09,Representatives,15001.0,2025-03-10,ST,PORTFOLIO REBALANCE,1.40835027153496
2025-Q1,Republicans,R,Jefferson Shreve,CSGP,Purchase,Purchase,50000.0,"$15,001 - $50,000",2025-02-24,2025-02-24,1.25177442250613,-5.25913246166733,S001229,2025-03-09,Representatives,15001.0,2025-03-10,ST,PORTFOLIO REBALANCE,6.51090688417346
2025-Q1,Republicans,R,Jefferson Shreve,UNP,Purchase,Purchase,50000.0,"$15,001 - $50,000",2025-02-24,2025-02-24,-3.48698056369414,-5.25913246166733,S001229,2025-03-09,Representatives,15001.0,2025-03-10,ST,PORTFOLIO REBALANCE,1.77215189797319
2025-Q1,Republicans,R,Jefferson Shreve,APP,Purchase,Purchase,50000.0,"$15,001 - $50,000",2025-02-24,2025-02-24,-23.4912900475088,-5.25913246166733,S001229,2025-03-09,Representatives,15001.0,2025-03-10,ST,PORTFOLIO REBALANCE,-18.2321575858415
2025-Q1,Republicans,R,Jefferson Shreve,SHW,Purchase,Purchase,50000.0,"$15,001 - $50,000",2025-02-24,2025-02-24,-2.75103963707214,-5.25913246166733,S001229,2025-03-09,Representatives,15001.0,2025-03-10,ST,PORTFOLIO REBALANCE,2.50809282459519
2025-Q1,Republicans,R,Jefferson Shreve,EXPO,Purchase,Purchase,50000.0,"$15,001 - $50,000",2025-02-24,2025-02-24,-6.93559801840056,-5.25913246166733,S001229,2025-03-09,Representatives,15001.0,2025-03-10,ST,PORTFOLIO REBALANCE,-1.67646555673323
2025-Q1,Republicans,R,Jefferson Shreve,PFE,Purchase,Purchase,50000.0,"$15,001 - $50,000",2025-02-24,2025-02-24,-1.38836772983113,-5.25913246166733,S001229,2025-03-09,Representatives,15001.0,2025-03-10,ST,PORTFOLIO REBALANCE,3.8707647318362
2025-Q1,Republicans,R,Jefferson Shreve,BC,Purchase,Purchase,50000.0,"$15,001 - $50,000",2025-02-24,2025-02-24,-8.9842494374799,-5.25913246166733,S001229,2025-03-09,Representatives,15001.0,2025-03-10,ST,PORTFOLIO REBALANCE,-3.72511697581257
2025-Q1,Republicans,R,Jefferson Shreve,FIS,Purchase,Purchase,50000.0,"$15,001 - $50,000",2025-02-24,2025-02-24,5.73735043967131,-5.25913246166733,S001229,2025-03-09,Representatives,15001.0,2025-03-10,ST,PORTFOLIO REBALANCE,10.9964829013386
2025-Q1,Republicans,R,Jefferson Shreve,RTX,Purchase,Purchase,50000.0,"$15,001 - $50,000",2025-02-24,2025-02-24,5.5329665949135,-5.25913246166733,S001229,2025-03-09,Representatives,15001.0,2025-03-10,ST,PORTFOLIO REBALANCE,10.7920990565808
2025-Q1,Republicans,R,Jefferson Shreve,RGLD,Purchase,Purchase,50000.0,"$15,001 - $50,000",2025-02-24,2025-02-24,3.904440473827,-5.25913246166733,S001229,2025-03-09,Representatives,15001.0,2025-03-10,ST,PORTFOLIO REBALANCE,9.16357293549433
2025-Q1,Republicans,R,Jefferson Shreve,HD,Purchase,Purchase,50000.0,"$15,001 - $50,000",2025-02-24,2025-02-24,-8.17687359447729,-5.25913246166733,S001229,2025-03-09,Representatives,15001.0,2025-03-10,ST,,-2.91774113280995
2025-Q1,Republicans,R,Jefferson Shreve,APD,Purchase,Purchase,50000.0,"$15,001 - $50,000",2025-02-24,2025-02-24,-5.73386340864282,-5.25913246166733,S001229,2025-03-09,Representatives,15001.0,2025-03-10,ST,PORTFOLIO REBALANCE,-0.474730946975482
2025-Q1,Republicans,R,Jefferson Shreve,NVT,Purchase,Purchase,50000.0,"$15,001 - $50,000",2025-02-24,2025-02-24,-5.55463713010415,-5.25913246166733,S001229,2025-03-09,Representatives,15001.0,2025-03-10,ST,PORTFOLIO REBALANCE,-0.295504668436815
2025-Q1,Republicans,R,Jefferson Shreve,JNJ,Purchase,Purchase,50000.0,"$15,001 - $50,000",2025-02-24,2025-02-24,-0.0671796750946706,-5.25913246166733,S001229,2025-03-09,Representatives,15001.0,2025-03-10,ST,PORTFOLIO REBALANCE,5.19195278657266
2025-Q1,Republicans,R,Jefferson Shreve,ORCL,Purchase,Purchase,50000.0,"$15,001 - $50,000",2025-02-24,2025-02-24,-10.4318663214874,-5.25913246166733,S001229,2025-03-09,Representatives,15001.0,2025-03-10,ST,PORTFOLIO REBALANCE,-5.17273385982009
2025-Q1,Republicans,R,Jefferson Shreve,ADBE,Purchase,Purchase,50000.0,"$15,001 - $50,000",2025-02-24,2025-02-24,-12.8617073939067,-5.25913246166733,S001229,2025-03-09,Representatives,15001.0,2025-03-10,ST,PORTFOLIO REBALANCE,-7.60257493223934
2025-Q1,Republicans,R,Jefferson Shreve,ABBV,Purchase,Purchase,100000.0,"$50,001 - $100,000",2025-02-24,2025-02-24,2.90572324578596,-5.25913246166733,S001229,2025-03-09,Representatives,50001.0,2025-03-10,ST,PORTFOLIO REBALANCE,8.16485570745329
2025-Q1,Republicans,R,Jefferson Shreve,LOW,Purchase,Purchase,50000.0,"$15,001 - $50,000",2025-02-24,2025-02-24,-4.22220347562005,-5.25913246166733,S001229,2025-03-09,Representatives,15001.0,2025-03-10,ST,PORTFOLIO REBALANCE,1.03692898604728
2025-Q1,Republicans,R,Jefferson Shreve,AMGN,Purchase,Purchase,50000.0,"$15,001 - $50,000",2025-02-24,2025-02-24,2.0405527573292,-5.25913246166733,S001229,2025-03-09,Representatives,15001.0,2025-03-10,ST,PORTFOLIO REBALANCE,7.29968521899653
2025-Q1,Republicans,R,Jefferson Shreve,PHM,Purchase,Purchase,50000.0,"$15,001 - $50,000",2025-02-24,2025-02-24,1.00294985250737,-5.25913246166733,S001229,2025-03-09,Representatives,15001.0,2025-03-10,ST,PORTFOLIO REBALANCE,6.2620823141747
2025-Q1,Republicans,R,Jefferson Shreve,MRK,Purchase,Purchase,50000.0,"$15,001 - $50,000",2025-02-24,2025-02-24,2.01599649391915,-5.25913246166733,S001229,2025-03-09,Representatives,15001.0,2025-03-10,ST,PORTFOLIO REBALANCE,7.27512895558648
2025-Q1,Republicans,R,Rob Bresnahan,SNOW,Purchase,Purchase,15000.0,"$1,001 - $15,000",2025-02-13,2025-02-13,-17.787812727084,-7.20744823158007,B001327,2025-03-07,Representatives,1001.0,2025-03-10,ST,,-10.5803644955039
2025-Q1,Republicans,R,Rob Bresnahan,SNOW,Purchase,Purchase,15000.0,"$1,001 - $15,000",2025-02-12,2025-02-12,-15.4035143940608,-6.22735711324597,B001327,2025-03-07,Representatives,1001.0,2025-03-10,ST,,-9.17615728081481
2025-Q1,Republicans,R,Rob Bresnahan,MNDY,Purchase,Purchase,15000.0,"$1,001 - $15,000",2025-02-11,2025-02-11,-19.05037814101,-6.53732147669092,B001327,2025-03-07,Representatives,1001.0,2025-03-10,ST,,-12.5130566643191
2025-Q1,Republicans,R,Rob Bresnahan,NET,Purchase,Purchase,15000.0,"$1,001 - $15,000",2025-02-10,2025-02-10,-30.8829497362166,-6.45329497437741,B001327,2025-03-07,Representatives,1001.0,2025-03-10,ST,,-24.4296547618392
2025-Q1,Republicans,R,Rob Bresnahan,MTSI,Purchase,Purchase,15000.0,"$1,001 - $15,000",2025-02-10,2025-02-10,-12.9205702647658,-6.45329497437741,B001327,2025-03-07,Representatives,1001.0,2025-03-10,ST,,-6.46727529038837
2025-Q1,Republicans,R,Rob Bresnahan,BABA,Purchase,Purchase,15000.0,"$1,001 - $15,000",2025-02-10,2025-02-10,21.397772188286,-6.45329497437741,B001327,2025-03-07,Representatives,1001.0,2025-03-10,ST,,27.8510671626634
2025-Q1,Republicans,R,Rob Bresnahan,TTWO,Purchase,Purchase,15000.0,"$1,001 - $15,000",2025-02-10,2025-02-10,0.451743447367186,-6.45329497437741,B001327,2025-03-07,Representatives,1001.0,2025-03-10,ST,,6.9050384217446
2025-Q1,Republicans,R,John Boozman,MSI,Purchase,Purchase,15000.0,"$1,001 - $15,000",2025-02-26,2025-02-26,-0.835151429844935,-4.84499314128944,B001236,2025-03-06,Senate,1001.0,2025-03-07,Stock,,4.0098417114445
2025-Q1,Republicans,R,John Boozman,ECL,Purchase,Purchase,15000.0,"$1,001 - $15,000",2025-02-26,2025-02-26,-5.80553157953992,-4.84499314128944,B001236,2025-03-06,Senate,1001.0,2025-03-07,Stock,,-0.960538438250481
2025-Q1,Republicans,R,John Boozman,AXP,Purchase,Purchase,15000.0,"$1,001 - $15,000",2025-02-26,2025-02-26,-8.64235055724418,-4.84499314128944,B001236,2025-03-06,Senate,1001.0,2025-03-07,Stock,,-3.79735741595474
2025-Q1,Republicans,R,John Boozman,AMZN,Purchase,Purchase,15000.0,"$1,001 - $15,000",2025-02-26,2025-02-26,-8.46279449498483,-4.84499314128944,B001236,2025-03-06,Senate,1001.0,2025-03-07,Stock,,-3.61780135369539
2025-Q1,Republicans,R,John Boozman,LITP,Purchase,Purchase,15000.0,"$1,001 - $15,000",2025-02-26,2025-02-26,0.947867298578193,-4.84499314128944,B001236,2025-03-06,Senate,1001.0,2025-03-07,Stock,,5.79286043986763
2025-Q1,Republicans,R,John Boozman,TBLL,Purchase,Purchase,15000.0,"$1,001 - $15,000",2025-02-26,2025-02-26,0.298592350348356,-4.84499314128944,B001236,2025-03-06,Senate,1001.0,2025-03-07,Stock,,5.1435854916378
2025-Q1,Republicans,R,John Boozman,NVDA,Purchase,Purchase,15000.0,"$1,001 - $15,000",2025-02-26,2025-02-26,-10.3443022547227,-4.84499314128944,B001236,2025-03-06,Senate,1001.0,2025-03-07,Stock,,-5.49930911343329
2025-Q1,Republicans,R,John Boozman,URNM,Purchase,Purchase,15000.0,"$1,001 - $15,000",2025-02-25,2025-02-25,0.424929178470271,-4.78578356911476,B001236,2025-03-06,Senate,1001.0,2025-03-07,Stock,,5.21071274758503
2025-Q1,Republicans,R,John Boozman,MSFT,Purchase,Purchase,15000.0,"$1,001 - $15,000",2025-02-14,2025-02-14,-4.20390274955317,-7.21075817296546,B001236,2025-03-06,Senate,1001.0,2025-03-07,Stock,,3.00685542341229
2025-Q1,Republicans,R,John Boozman,GOOGL,Purchase,Purchase,15000.0,"$1,001 - $15,000",2025-02-13,2025-02-13,-11.8996454281723,-7.20744823158007,B001236,2025-03-06,Senate,1001.0,2025-03-07,Stock,,-4.69219719659226
2025-Q1,Republicans,R,John Boozman,BSX,Purchase,Purchase,15000.0,"$1,001 - $15,000",2025-02-13,2025-02-13,-5.13472771810816,-7.20744823158007,B001236,2025-03-06,Senate,1001.0,2025-03-07,Stock,,2.07272051347191
2025-Q1,Republicans,R,John Boozman,MSFT,Purchase,Purchase,15000.0,"$1,001 - $15,000",2025-02-05,2025-02-05,-5.33039754167776,-6.36406176883482,B001236,2025-03-06,Senate,1001.0,2025-03-07,Stock,,1.03366422715705
2025-Q1,Republicans,R,John Boozman,MA,Purchase,Purchase,15000.0,"$1,001 - $15,000",2025-02-05,2025-02-05,-5.40359179925478,-6.36406176883482,B001236,2025-03-06,Senate,1001.0,2025-03-07,Stock,,0.960469969580036
2025-Q1,Republicans,R,John Boozman,AXP,Purchase,Purchase,15000.0,"$1,001 - $15,000",2025-02-05,2025-02-05,-15.6054035503697,-6.36406176883482,B001236,2025-03-06,Senate,1001.0,2025-03-07,Stock,,-9.24134178153488
2025-Q1,Republicans,R,John Boozman,AMZN,Purchase,Purchase,15000.0,"$1,001 - $15,000",2025-02-04,2025-02-04,-18.9415847310584,-5.97994036324208,B001236,2025-03-06,Senate,1001.0,2025-03-07,Stock,,-12.9616443678163
2025-Q1,Republicans,R,Shelley Moore Capito,CEG,Purchase,Purchase,15000.0,"$1,001 - $15,000",2025-02-04,2025-02-04,-27.3724414846734,-5.97994036324208,C001047,2025-03-06,Senate,1001.0,2025-03-06,Stock,,-21.3925011214313
2025-Q1,Republicans,R,David H. McCormick,BITB,Purchase,Purchase,50000.0,"$15,001 - $50,000",2025-02-26,2025-02-26,-0.457616038352584,-4.84499314128944,M001243,2025-03-05,Senate,15001.0,2025-03-06,Stock,,4.38737710293686
2025-Q1,Republicans,R,David H. McCormick,BITB,Purchase,Purchase,100000.0,"$50,001 - $100,000",2025-02-25,2025-02-25,-4.67445742904842,-4.78578356911476,M001243,2025-03-05,Senate,50001.0,2025-03-06,Stock,,0.111326140066345
2025-Q1,Republicans,R,Virginia Foxx,ET,Purchase,Purchase,15000.0,"$1,001 - $15,000",2025-02-19,2025-02-19,-7.55467196819085,-7.70131459896748,F000450,2025-03-03,Representatives,1001.0,2025-03-05,ST,,0.146642630776624
2025-Q1,Republicans,R,Virginia Foxx,ARLP,Purchase,Purchase,15000.0,"$1,001 - $15,000",2025-02-14,2025-02-14,-1.90582959641256,-7.21075817296546,F000450,2025-03-03,Representatives,1001.0,2025-03-05,ST,,5.3049285765529
2025-Q1,Republicans,R,Markwayne Mullin,IQV,Purchase,Purchase,50000.0,"$15,001 - $50,000",2025-02-13,2025-02-13,-5.18235144095895,-7.20744823158007,M001190,2025-02-27,Senate,15001.0,2025-02-28,Stock,,2.02509679062112
2025-Q1,Republicans,R,Markwayne Mullin,PM,Purchase,Purchase,50000.0,"$15,001 - $50,000",2025-02-13,2025-02-13,1.54176163024533,-7.20744823158007,M001190,2025-02-27,Senate,15001.0,2025-02-28,Stock,,8.7492098618254
2025-Q1,Republicans,R,Markwayne Mullin,LHX,Purchase,Purchase,50000.0,"$15,001 - $50,000",2025-02-13,2025-02-13,3.98999999999999,-7.20744823158007,M001190,2025-02-27,Senate,15001.0,2025-02-28,Stock,,11.1974482315801
2025-Q1,Republicans,R,Markwayne Mullin,LPLA,Purchase,Purchase,100000.0,"$50,001 - $100,000",2025-02-13,2025-02-13,-11.9353279260891,-7.20744823158007,M001190,2025-02-27,Senate,50001.0,2025-02-28,Stock,,-4.72787969450899
2025-Q1,Republicans,R,Markwayne Mullin,MSFT,Purchase,Purchase,100000.0,"$50,001 - $100,000",2025-02-13,2025-02-13,-4.69625371461978,-7.20744823158007,M001190,2025-02-27,Senate,50001.0,2025-02-28,Stock,,2.51119451696029
2025-Q1,Republicans,R,Markwayne Mullin,AMZN,Purchase,Purchase,50000.0,"$15,001 - $50,000",2025-02-13,2025-02-13,-14.8283196596779,-7.20744823158007,M001190,2025-02-27,Senate,15001.0,2025-02-28,Stock,,-7.62087142809784
2025-Q1,Republicans,R,Markwayne Mullin,ACN,Purchase,Purchase,100000.0,"$50,001 - $100,000",2025-02-13,2025-02-13,-21.6183605884014,-7.20744823158007,M001190,2025-02-27,Senate,50001.0,2025-02-28,Stock,,-14.4109123568213
2025-Q1,Republicans,R,Markwayne Mullin,TJX,Purchase,Purchase,50000.0,"$15,001 - $50,000",2025-02-13,2025-02-13,-7.73142630115216,-7.20744823158007,M001190,2025-02-27,Senate,15001.0,2025-02-28,Stock,,-0.523978069572089
2025-Q1,Republicans,R,Markwayne Mullin,LRN,Purchase,Purchase,15000.0,"$1,001 - $15,000",2025-02-03,2025-02-03,-11.4049106494261,-5.35564853556486,M001190,2025-02-27,Senate,1001.0,2025-02-28,Stock,,-6.04926211386126
2025-Q1,Republicans,R,Markwayne Mullin,MTZ,Purchase,Purchase,15000.0,"$1,001 - $15,000",2025-02-03,2025-02-03,-12.4020057913694,-5.35564853556486,M001190,2025-02-27,Senate,1001.0,2025-02-28,Stock,,-7.04635725580459
2025-Q1,Republicans,R,Markwayne Mullin,AIT,Purchase,Purchase,15000.0,"$1,001 - $15,000",2025-02-03,2025-02-03,-13.1238876421883,-5.35564853556486,M001190,2025-02-27,Senate,1001.0,2025-02-28,Stock,,-7.76823910662348
2025-Q1,Republicans,R,Markwayne Mullin,GS,Purchase,Purchase,15000.0,"$1,001 - $15,000",2025-02-03,2025-02-03,-10.6314341287537,-5.35564853556486,M001190,2025-02-27,Senate,1001.0,2025-02-28,Stock,,-5.27578559318888
2025-Q1,Republicans,R,Markwayne Mullin,WAB,Purchase,Purchase,15000.0,"$1,001 - $15,000",2025-02-03,2025-02-03,-9.70484753713838,-5.35564853556486,M001190,2025-02-27,Senate,1001.0,2025-02-28,Stock,,-4.34919900157352
2025-Q1,Republicans,R,Markwayne Mullin,COHR,Purchase,Purchase,15000.0,"$1,001 - $15,000",2025-02-03,2025-02-03,-22.0114285714286,-5.35564853556486,M001190,2025-02-27,Senate,1001.0,2025-02-28,Stock,,-16.6557800358637
2025-Q1,Republicans,R,Markwayne Mullin,IRM,Purchase,Purchase,15000.0,"$1,001 - $15,000",2025-02-03,2025-02-03,-13.016693163752,-5.35564853556486,M001190,2025-02-27,Senate,1001.0,2025-02-28,Stock,,-7.66104462818712
2025-Q1,Republicans,R,Markwayne Mullin,CRDO,Purchase,Purchase,15000.0,"$1,001 - $15,000",2025-02-03,2025-02-03,-35.4685976883442,-5.35564853556486,M001190,2025-02-27,Senate,1001.0,2025-02-28,Stock,,-30.1129491527794
2025-Q1,Republicans,R,Markwayne Mullin,PRMB,Purchase,Purchase,15000.0,"$1,001 - $15,000",2025-02-03,2025-02-03,-1.79440389294405,-5.35564853556486,M001190,2025-02-27,Senate,1001.0,2025-02-28,Stock,,3.56124464262081
2025-Q1,Republicans,R,Markwayne Mullin,DELL,Purchase,Purchase,15000.0,"$1,001 - $15,000",2025-02-03,2025-02-03,-2.51773403936458,-5.35564853556486,M001190,2025-02-27,Senate,1001.0,2025-02-28,Stock,,2.83791449620028
2025-Q1,Republicans,R,Ashley B. Moody,MU,Purchase,Purchase,100000.0,"$50,001 - $100,000",2025-01-22,2025-01-22,-13.2838963654674,-6.69822994566095,M001244,2025-02-21,Senate,50001.0,2025-02-22,Stock,,-6.58566641980642
2025-Q1,Republicans,R,Ashley B. Moody,AMAT,Purchase,Purchase,250000.0,"$100,001 - $250,000",2025-01-22,2025-01-22,-22.1932381975346,-6.69822994566095,M001244,2025-02-21,Senate,100001.0,2025-02-22,Stock,,-15.4950082518737
2025-Q1,Republicans,R,Ashley B. Moody,HWM,Purchase,Purchase,100000.0,"$50,001 - $100,000",2025-01-22,2025-01-22,3.2673032909794,-6.69822994566095,M001244,2025-02-21,Senate,50001.0,2025-02-22,Stock,,9.96553323664035
2025-Q1,Republicans,R,Thomas H. Kean Jr,MSFT,Purchase,Purchase,15000.0,"$1,001 - $15,000",2025-01-31,2025-01-31,-5.73411073097866,-5.97654202736162,K000398,2025-02-19,Representatives,1001.0,2025-02-20,ST,,0.242431296382962
2025-Q1,Republicans,R,Tim Moore,HOG,Purchase,Purchase,50000.0,"$15,001 - $50,000",2025-01-30,2025-01-30,-10.5034407823252,-6.47851878482832,M001236,2025-02-15,Representatives,15001.0,2025-02-17,ST,,-4.02492199749691
2025-Q1,Republicans,R,Tim Moore,HOG,Purchase,Purchase,100000.0,"$50,001 - $100,000",2025-01-29,2025-01-29,-10.1781170483461,-5.99013389711064,M001236,2025-02-15,Representatives,50001.0,2025-02-17,ST,,-4.18798315123542
2025-Q1,Republicans,R,Tim Moore,HOG,Purchase,Purchase,50000.0,"$15,001 - $50,000",2025-01-24,2025-01-24,-12.9623106727721,-6.93189746158387,M001236,2025-02-15,Representatives,15001.0,2025-02-17,ST,,-6.03041321118823
2025-Q1,Republicans,R,Marjorie Taylor Greene,AAPL,Purchase,Purchase,15000.0,"$1,001 - $15,000",2025-02-12,2025-02-12,-7.85240849411069,-6.22735711324597,G000596,2025-02-14,Representatives,1001.0,2025-02-17,ST,,-1.62505138086472
2025-Q1,Republicans,R,Marjorie Taylor Greene,MSFT,Purchase,Purchase,15000.0,"$1,001 - $15,000",2025-02-12,2025-02-12,-4.3467631527479,-6.22735711324597,G000596,2025-02-14,Representatives,1001.0,2025-02-17,ST,,1.88059396049806
2025-Q1,Republicans,R,Marjorie Taylor Greene,GS,Purchase,Purchase,15000.0,"$1,001 - $15,000",2025-02-12,2025-02-12,-12.9214175654854,-6.22735711324597,G000596,2025-02-14,Representatives,1001.0,2025-02-17,ST,,-6.69406045223939
2025-Q1,Republicans,R,Marjorie Taylor Greene,PLTR,Purchase,Purchase,15000.0,"$1,001 - $15,000",2025-02-12,2025-02-12,-22.5146946077179,-6.22735711324597,G000596,2025-02-14,Representatives,1001.0,2025-02-17,ST,,-16.2873374944719
2025-Q1,Republicans,R,Marjorie Taylor Greene,META,Purchase,Purchase,15000.0,"$1,001 - $15,000",2025-02-12,2025-02-12,-17.8017039344895,-6.22735711324597,G000596,2025-02-14,Representatives,1001.0,2025-02-17,ST,,-11.5743468212435
2025-Q1,Republicans,R,Marjorie Taylor Greene,ADBE,Purchase,Purchase,15000.0,"$1,001 - $15,000",2025-02-12,2025-02-12,-16.3151525628836,-6.22735711324597,G000596,2025-02-14,Representatives,1001.0,2025-02-17,ST,,-10.0877954496376
2025-Q1,Republicans,R,Marjorie Taylor Greene,NSC,Purchase,Purchase,15000.0,"$1,001 - $15,000",2025-02-12,2025-02-12,-8.7275018707416,-6.22735711324597,G000596,2025-02-14,Representatives,1001.0,2025-02-17,ST,,-2.50014475749563
2025-Q1,Republicans,R,Marjorie Taylor Greene,UPS,Purchase,Purchase,15000.0,"$1,001 - $15,000",2025-02-12,2025-02-12,0.735165412217739,-6.22735711324597,G000596,2025-02-14,Representatives,1001.0,2025-02-17,ST,,6.96252252546371
2025-Q1,Republicans,R,Marjorie Taylor Greene,INTC,Purchase,Purchase,15000.0,"$1,001 - $15,000",2025-02-12,2025-02-12,7.91814946619218,-6.22735711324597,G000596,2025-02-14,Representatives,1001.0,2025-02-17,ST,,14.1455065794381
2025-Q1,Republicans,R,Marjorie Taylor Greene,DVN,Purchase,Purchase,15000.0,"$1,001 - $15,000",2025-02-12,2025-02-12,6.41742714159552,-6.22735711324597,G000596,2025-02-14,Representatives,1001.0,2025-02-17,ST,,12.6447842548415
2025-Q1,Republicans,R,Rob Bresnahan,NOW,Purchase,Purchase,15000.0,"$1,001 - $15,000",2025-02-03,2025-02-03,-18.9227574588125,-5.35564853556486,B001327,2025-02-13,Representatives,1001.0,2025-02-14,ST,,-13.5671089232476
2025-Q1,Republicans,R,Rob Bresnahan,TTWO,Purchase,Purchase,15000.0,"$1,001 - $15,000",2025-02-03,2025-02-03,14.7256408878379,-5.35564853556486,B001327,2025-02-13,Representatives,1001.0,2025-02-14,ST,,20.0812894234028
2025-Q1,Republicans,R,Rob Bresnahan,TTWO,Purchase,Purchase,15000.0,"$1,001 - $15,000",2025-02-03,2025-02-03,14.7256408878379,-5.35564853556486,B001327,2025-02-13,Representatives,1001.0,2025-02-14,ST,,20.0812894234028
2025-Q1,Republicans,R,Rob Bresnahan,INTC,Purchase,Purchase,15000.0,"$1,001 - $15,000",2025-02-03,2025-02-03,25.1805985552116,-5.35564853556486,B001327,2025-02-13,Representatives,1001.0,2025-02-14,ST,,30.5362470907764
2025-Q1,Republicans,R,Rob Bresnahan,TTWO,Purchase,Purchase,15000.0,"$1,001 - $15,000",2025-02-03,2025-02-03,14.7256408878379,-5.35564853556486,B001327,2025-02-13,Representatives,1001.0,2025-02-14,ST,,20.0812894234028
2025-Q1,Republicans,R,Rob Bresnahan,INTC,Purchase,Purchase,15000.0,"$1,001 - $15,000",2025-02-03,2025-02-03,25.1805985552116,-5.35564853556486,B001327,2025-02-13,Representatives,1001.0,2025-02-14,ST,,30.5362470907764
2025-Q1,Republicans,R,Rob Bresnahan,INTC,Purchase,Purchase,15000.0,"$1,001 - $15,000",2025-02-03,2025-02-03,25.1805985552116,-5.35564853556486,B001327,2025-02-13,Representatives,1001.0,2025-02-14,ST,,30.5362470907764
2025-Q1,Republicans,R,Rob Bresnahan,NOW,Purchase,Purchase,15000.0,"$1,001 - $15,000",2025-02-03,2025-02-03,-18.9227574588125,-5.35564853556486,B001327,2025-02-13,Representatives,1001.0,2025-02-14,ST,,-13.5671089232476
2025-Q1,Republicans,R,Rob Bresnahan,BABA,Purchase,Purchase,15000.0,"$1,001 - $15,000",2025-01-30,2025-01-30,31.5359159042243,-6.47851878482832,B001327,2025-02-13,Representatives,1001.0,2025-02-14,ST,,38.0144346890526
2025-Q1,Republicans,R,Rob Bresnahan,BABA,Purchase,Purchase,15000.0,"$1,001 - $15,000",2025-01-29,2025-01-29,39.722911497105,-5.99013389711064,B001327,2025-02-13,Representatives,1001.0,2025-02-14,ST,,45.7130453942157
2025-Q1,Republicans,R,Rob Bresnahan,BABA,Purchase,Purchase,15000.0,"$1,001 - $15,000",2025-01-29,2025-01-29,39.722911497105,-5.99013389711064,B001327,2025-02-13,Representatives,1001.0,2025-02-14,ST,,45.7130453942157
2025-Q1,Republicans,R,Rob Bresnahan,BABA,Purchase,Purchase,15000.0,"$1,001 - $15,000",2025-01-29,2025-01-29,39.722911497105,-5.99013389711064,B001327,2025-02-13,Representatives,1001.0,2025-02-14,ST,,45.7130453942157
2025-Q1,Republicans,R,Rob Bresnahan,CRWD,Purchase,Purchase,15000.0,"$1,001 - $15,000",2025-01-28,2025-01-28,-11.3634139179798,-6.40280651254835,B001327,2025-02-13,Representatives,1001.0,2025-02-14,ST,,-4.96060740543148
2025-Q1,Republicans,R,Rob Bresnahan,CRWD,Purchase,Purchase,15000.0,"$1,001 - $15,000",2025-01-28,2025-01-28,-11.3634139179798,-6.40280651254835,B001327,2025-02-13,Representatives,1001.0,2025-02-14,ST,,-4.96060740543148
2025-Q1,Republicans,R,Rob Bresnahan,TEAM,Purchase,Purchase,15000.0,"$1,001 - $15,000",2025-01-28,2025-01-28,-17.2436387463143,-6.40280651254835,B001327,2025-02-13,Representatives,1001.0,2025-02-14,ST,,-10.8408322337659
2025-Q1,Republicans,R,Rob Bresnahan,ZM,Purchase,Purchase,15000.0,"$1,001 - $15,000",2025-01-28,2025-01-28,-14.2937725631769,-6.40280651254835,B001327,2025-02-13,Representatives,1001.0,2025-02-14,ST,,-7.89096605062854
2025-Q1,Republicans,R,Rob Bresnahan,ZM,Purchase,Purchase,15000.0,"$1,001 - $15,000",2025-01-28,2025-01-28,-14.2937725631769,-6.40280651254835,B001327,2025-02-13,Representatives,1001.0,2025-02-14,ST,,-7.89096605062854
2025-Q1,Republicans,R,Rob Bresnahan,TEAM,Purchase,Purchase,15000.0,"$1,001 - $15,000",2025-01-28,2025-01-28,-17.2436387463143,-6.40280651254835,B001327,2025-02-13,Representatives,1001.0,2025-02-14,ST,,-10.8408322337659
2025-Q1,Republicans,R,Rob Bresnahan,TEAM,Purchase,Purchase,15000.0,"$1,001 - $15,000",2025-01-28,2025-01-28,-17.2436387463143,-6.40280651254835,B001327,2025-02-13,Representatives,1001.0,2025-02-14,ST,,-10.8408322337659
2025-Q1,Republicans,R,Rob Bresnahan,ZM,Purchase,Purchase,15000.0,"$1,001 - $15,000",2025-01-28,2025-01-28,-14.2937725631769,-6.40280651254835,B001327,2025-02-13,Representatives,1001.0,2025-02-14,ST,,-7.89096605062854
2025-Q1,Republicans,R,Rob Bresnahan,CRWD,Purchase,Purchase,15000.0,"$1,001 - $15,000",2025-01-28,2025-01-28,-11.3634139179798,-6.40280651254835,B001327,2025-02-13,Representatives,1001.0,2025-02-14,ST,,-4.96060740543148
2025-Q1,Republicans,R,Victoria Spartz,SPG,Purchase,Purchase,50000.0,"$15,001 - $50,000",2025-02-03,2025-02-03,-6.52211521826884,-5.35564853556486,S000929,2025-02-10,Representatives,15001.0,2025-02-11,ST,THIS TRANSACTION WAS MADE BY JASON SPARTZ (SPOUSE) ROTH IRA,-1.16646668270398
2025-Q1,Republicans,R,Byron Donalds,GDDY,Purchase,Purchase,15000.0,"$1,001 - $15,000",2025-01-21,2025-01-21,-12.2865898146797,-6.168163618656,D000032,2025-02-10,Representatives,1001.0,2025-02-11,ST,,-6.1184261960237
2025-Q1,Republicans,R,John Boozman,NRG,Purchase,Purchase,15000.0,"$1,001 - $15,000",2025-01-28,2025-01-28,-0.208188757807086,-6.40280651254835,B001236,2025-02-08,Senate,1001.0,2025-02-08,Stock,,6.19461775474127
2025-Q1,Republicans,R,John Boozman,TBLL,Purchase,Purchase,15000.0,"$1,001 - $15,000",2025-01-28,2025-01-28,0.284333238555584,-6.40280651254835,B001236,2025-02-08,Senate,1001.0,2025-02-08,Stock,,6.68713975110394
2025-Q1,Republicans,R,John Boozman,TBLL,Purchase,Purchase,15000.0,"$1,001 - $15,000",2025-01-16,2025-01-16,0.047182254933579,-4.40614434808173,B001236,2025-02-08,Senate,1001.0,2025-02-08,Stock,,4.45332660301531
2025-Q1,Republicans,R,John Boozman,NVDA,Purchase,Purchase,15000.0,"$1,001 - $15,000",2025-01-14,2025-01-14,-10.6709168184578,-2.80237641520009,B001236,2025-02-08,Senate,1001.0,2025-02-08,Stock,,-7.8685404032577
2025-Q1,Republicans,R,John Boozman,CRM,Purchase,Purchase,15000.0,"$1,001 - $15,000",2025-01-14,2025-01-14,-13.26574766644,-2.80237641520009,B001236,2025-02-08,Senate,1001.0,2025-02-08,Stock,,-10.4633712512399
2025-Q1,Republicans,R,John Boozman,MA,Purchase,Purchase,15000.0,"$1,001 - $15,000",2025-01-14,2025-01-14,5.23947978468431,-2.80237641520009,B001236,2025-02-08,Senate,1001.0,2025-02-08,Stock,,8.0418561998844
2025-Q1,Republicans,R,Markwayne Mullin,PRMB,Purchase,Purchase,50000.0,"$15,001 - $50,000",2025-01-02,2025-01-02,4.19490158115521,-3.20023815725822,M001190,2025-01-31,Senate,15001.0,2025-02-01,Stock,,7.39513973841344
2025-Q1,Republicans,R,Markwayne Mullin,DELL,Purchase,Purchase,50000.0,"$15,001 - $50,000",2025-01-02,2025-01-02,-16.2704882862782,-3.20023815725822,M001190,2025-01-31,Senate,15001.0,2025-02-01,Stock,,-13.07025012902
2025-Q1,Republicans,R,Markwayne Mullin,AIT,Purchase,Purchase,50000.0,"$15,001 - $50,000",2025-01-02,2025-01-02,-5.89665143958762,-3.20023815725822,M001190,2025-01-31,Senate,15001.0,2025-02-01,Stock,,-2.6964132823294
2025-Q1,Republicans,R,Markwayne Mullin,AIT,Purchase,Purchase,50000.0,"$15,001 - $50,000",2025-01-02,2025-01-02,-5.89665143958762,-3.20023815725822,M001190,2025-01-31,Senate,15001.0,2025-02-01,Stock,,-2.6964132823294
2025-Q1,Republicans,R,Markwayne Mullin,CRDO,Purchase,Purchase,50000.0,"$15,001 - $50,000",2025-01-02,2025-01-02,-34.6679825179755,-3.20023815725822,M001190,2025-01-31,Senate,15001.0,2025-02-01,Stock,,-31.4677443607173
2025-Q1,Republicans,R,Markwayne Mullin,DELL,Purchase,Purchase,50000.0,"$15,001 - $50,000",2025-01-02,2025-01-02,-16.2704882862782,-3.20023815725822,M001190,2025-01-31,Senate,15001.0,2025-02-01,Stock,,-13.07025012902
2025-Q1,Republicans,R,Markwayne Mullin,MTZ,Purchase,Purchase,50000.0,"$15,001 - $50,000",2025-01-02,2025-01-02,-11.4008143438817,-3.20023815725822,M001190,2025-01-31,Senate,15001.0,2025-02-01,Stock,,-8.20057618662349
2025-Q1,Republicans,R,Markwayne Mullin,CRDO,Purchase,Purchase,50000.0,"$15,001 - $50,000",2025-01-02,2025-01-02,-34.6679825179755,-3.20023815725822,M001190,2025-01-31,Senate,15001.0,2025-02-01,Stock,,-31.4677443607173
2025-Q1,Republicans,R,Markwayne Mullin,WAB,Purchase,Purchase,50000.0,"$15,001 - $50,000",2025-01-02,2025-01-02,-2.21728316664021,-3.20023815725822,M001190,2025-01-31,Senate,15001.0,2025-02-01,Stock,,0.982954990618017
2025-Q1,Republicans,R,Markwayne Mullin,IRM,Purchase,Purchase,50000.0,"$15,001 - $50,000",2025-01-02,2025-01-02,-16.4216154286805,-3.20023815725822,M001190,2025-01-31,Senate,15001.0,2025-02-01,Stock,,-13.2213772714223
2025-Q1,Republicans,R,Markwayne Mullin,COHR,Purchase,Purchase,50000.0,"$15,001 - $50,000",2025-01-02,2025-01-02,-32.1602544984591,-3.20023815725822,M001190,2025-01-31,Senate,15001.0,2025-02-01,Stock,,-28.9600163412009
2025-Q1,Republicans,R,Markwayne Mullin,LRN,Purchase,Purchase,50000.0,"$15,001 - $50,000",2025-01-02,2025-01-02,14.6887342486364,-3.20023815725822,M001190,2025-01-31,Senate,15001.0,2025-02-01,Stock,,17.8889724058947
2025-Q1,Republicans,R,Markwayne Mullin,IRM,Purchase,Purchase,50000.0,"$15,001 - $50,000",2025-01-02,2025-01-02,-16.4216154286805,-3.20023815725822,M001190,2025-01-31,Senate,15001.0,2025-02-01,Stock,,-13.2213772714223
2025-Q1,Republicans,R,Markwayne Mullin,LRN,Purchase,Purchase,50000.0,"$15,001 - $50,000",2025-01-02,2025-01-02,14.6887342486364,-3.20023815725822,M001190,2025-01-31,Senate,15001.0,2025-02-01,Stock,,17.8889724058947
2025-Q1,Republicans,R,Markwayne Mullin,PRMB,Purchase,Purchase,50000.0,"$15,001 - $50,000",2025-01-02,2025-01-02,4.19490158115521,-3.20023815725822,M001190,2025-01-31,Senate,15001.0,2025-02-01,Stock,,7.39513973841344
2025-Q1,Republicans,R,Markwayne Mullin,GS,Purchase,Purchase,50000.0,"$15,001 - $50,000",2025-01-02,2025-01-02,-1.70965441675219,-3.20023815725822,M001190,2025-01-31,Senate,15001.0,2025-02-01,Stock,,1.49058374050604
2025-Q1,Republicans,R,Markwayne Mullin,WAB,Purchase,Purchase,50000.0,"$15,001 - $50,000",2025-01-02,2025-01-02,-2.21728316664021,-3.20023815725822,M001190,2025-01-31,Senate,15001.0,2025-02-01,Stock,,0.982954990618017
2025-Q1,Republicans,R,Markwayne Mullin,GS,Purchase,Purchase,50000.0,"$15,001 - $50,000",2025-01-02,2025-01-02,-1.70965441675219,-3.20023815725822,M001190,2025-01-31,Senate,15001.0,2025-02-01,Stock,,1.49058374050604
2025-Q1,Republicans,R,Markwayne Mullin,COHR,Purchase,Purchase,50000.0,"$15,001 - $50,000",2025-01-02,2025-01-02,-32.1602544984591,-3.20023815725822,M001190,2025-01-31,Senate,15001.0,2025-02-01,Stock,,-28.9600163412009
2025-Q1,Republicans,R,Markwayne Mullin,MTZ,Purchase,Purchase,50000.0,"$15,001 - $50,000",2025-01-02,2025-01-02,-11.4008143438817,-3.20023815725822,M001190,2025-01-31,Senate,15001.0,2025-02-01,Stock,,-8.20057618662349
2025-Q1,Republicans,R,Marjorie Taylor Greene,AMZN,Purchase,Purchase,15000.0,"$1,001 - $15,000",2025-01-21,2025-01-21,-14.9538381517923,-6.168163618656,G000596,2025-01-27,Representatives,1001.0,2025-01-28,ST,,-8.78567453313629
2024-Q4,Republicans,R,Jerry Moran,BRK.B,Purchase,Purchase,15000.0,"$1,001 - $15,000",2024-12-16,2024-12-16,14.6550966608084,-6.72833862206206,M000934,2025-01-18,Senate,1001.0,2025-01-18,Stock,,21.3834352828705
2024-Q4,Republicans,R,Shelley Moore Capito,GE,Purchase,Purchase,15000.0,"$1,001 - $15,000",2024-12-27,2024-12-27,20.0199905926623,-4.90239087519194,C001047,2025-01-06,Senate,1001.0,2025-01-06,Stock,,24.9223814678542
2024-Q4,Republicans,R,Shelley Moore Capito,AVGO,Purchase,Purchase,15000.0,"$1,001 - $15,000",2024-12-12,2024-12-12,6.08878556404295,-6.36911725006749,C001047,2025-01-06,Senate,1001.0,2025-01-06,Stock,,12.4579028141104
2024-Q4,Republicans,R,A. Mitchell Jr. McConnell,WFC,Purchase,Purchase,15000.0,"$1,001 - $15,000",2024-12-02,2024-12-02,-3.6663124335813,-6.26114844777572,M000355,2025-01-04,Senate,1001.0,2025-01-05,Stock,,2.59483601419441
2024-Q4,Republicans,R,Markwayne Mullin,CFSSX,Purchase,Purchase,250000.0,"$100,001 - $250,000",2024-12-26,2024-12-26,,,M001190,2025-01-03,Senate,100001.0,2025-01-04,Stock,,
2024-Q4,Republicans,R,Markwayne Mullin,IEMG,Purchase,Purchase,100000.0,"$50,001 - $100,000",2024-12-26,2024-12-26,4.0226628895184,-5.88809898518478,M001190,2025-01-03,Senate,50001.0,2025-01-04,Stock,,9.91076187470318
2024-Q4,Republicans,R,Markwayne Mullin,PCLPX,Purchase,Purchase,500000.0,"$250,001 - $500,000",2024-12-26,2024-12-26,,,M001190,2025-01-03,Senate,250001.0,2025-01-04,Stock,,
2024-Q4,Republicans,R,Markwayne Mullin,VNQ,Purchase,Purchase,15000.0,"$1,001 - $15,000",2024-12-26,2024-12-26,0.691578360290006,-5.88809898518478,M001190,2025-01-03,Senate,1001.0,2025-01-04,Stock,,6.57967734547478
2024-Q4,Republicans,R,Markwayne Mullin,GICIX,Purchase,Purchase,100000.0,"$50,001 - $100,000",2024-12-26,2024-12-26,,,M001190,2025-01-03,Senate,50001.0,2025-01-04,Stock,,
2024-Q4,Republicans,R,Markwayne Mullin,AMAT,Purchase,Purchase,50000.0,"$15,001 - $50,000",2024-12-11,2024-12-11,-11.1085139952083,-6.85191484790432,M001190,2024-12-31,Senate,15001.0,2025-01-01,Stock,,-4.256599147304
2024-Q4,Republicans,R,Markwayne Mullin,IEFA,Purchase,Purchase,250000.0,"$100,001 - $250,000",2024-11-27,2024-11-27,6.8613943235051,-5.50177095631641,M001190,2024-12-19,Senate,100001.0,2024-12-20,Stock,,12.3631652798215
2024-Q4,Republicans,R,Markwayne Mullin,EZU,Purchase,Purchase,250000.0,"$100,001 - $250,000",2024-11-27,2024-11-27,15.7505285412262,-5.50177095631641,M001190,2024-12-19,Senate,100001.0,2024-12-20,Stock,,21.2522994975426
2024-Q4,Republicans,R,Markwayne Mullin,IEMG,Purchase,Purchase,15000.0,"$1,001 - $15,000",2024-11-27,2024-11-27,1.79264461282572,-5.50177095631641,M001190,2024-12-19,Senate,1001.0,2024-12-20,Stock,,7.29441556914213
2024-Q4,Republicans,R,John Boozman,AAXJ,Purchase,Purchase,15000.0,"$1,001 - $15,000",2024-11-20,2024-11-20,1.97846567967698,-4.17019708970344,B001236,2024-12-17,Senate,1001.0,2024-12-17,Stock,,6.14866276938043
2024-Q4,Republicans,R,John Boozman,SPY,Purchase,Purchase,15000.0,"$1,001 - $15,000",2024-11-13,2024-11-13,-5.56104422378138,-5.24015081143107,B001236,2024-12-17,Senate,1001.0,2024-12-17,Stock,,-0.320893412350316
2024-Q4,Republicans,R,Markwayne Mullin,HIYS,Purchase,Purchase,500000.0,"$250,001 - $500,000",2024-10-29,2024-10-29,-0.936655869593185,-2.7133160050115,M001190,2024-12-03,Senate,250001.0,2024-12-04,Stock,,1.77666013541831
2024-Q4,Republicans,R,Shelley Moore Capito,CSL,Purchase,Purchase,15000.0,"$1,001 - $15,000",2024-10-08,2024-10-08,-26.9665117491204,-1.25083040713676,C001047,2024-11-12,Senate,1001.0,2024-11-12,Stock,,-25.7156813419837
